nom,numero,tag1,tag2,tag3,pieces,minifigs,Value used,Value new,Prix initial2
Palace Cinema,10232-1,Creator Expert,Modular Buildings Collection,2013,2196,6,10182-1,~$255.29,"Pieces,2196,Minifigs,6, (6 unique to this set),Minifigs,twn176, ,twn177, ,twn178, ,twn179, ,twn180, ,twn181, ,RRP,$149.99, €139.99 | ,More,PPP,6.8c, 6.4c,Packaging,Box,Instructions,Yes,Additional images,26,Launch/exit,1 Mar 2013 - 31 Dec 2017 (4y 10m),Value new,~$307.69,Value used,~$255.29,Related sets,Connects with ,10182-1, ,10185-1, ,10190-1, ,10197-1, ,10211-1, ,10218-1, ,10224-1, ,10243-1, ,10246-1, ,10251-1, ,10255-1, ,5002891-1, "
Horizon Express,10233-1,Creator Expert,Trains,2013,1351,6,,~$232.86,"Pieces,1351,Minifigs,6, (6 unique to this set),Minifigs,cty0352, ,cty0353, ,cty0354, ,cty0355, ,trn233, ,trn234, ,RRP,$129.99 | ,More,PPP,9.6c,Packaging,Box,Instructions,Yes,Additional images,29,Launch/exit,1 Jan 2013 - 31 Dec 2014 (1y 11m 28d),Value new,~$263.15,Value used,~$232.86"
City Park Cafe,3061-1,Friends,Heartlake City,2012,222,2,66435-1,~$16.87,"Pieces,222,Minifigs,2, (1 unique to this set),Minifigs,frnd013, ,frnd014, ,RRP,$34.99 | ,More,PPP,15.8c,Packaging,Box,Instructions,Yes,Additional images,7,Launch/exit,1 Jan 2012 - 31 Dec 2013 (1y 11m 29d),Value new,~$30.00,Value used,~$16.87,Related sets,Included in ,66435-1, "
Sydney Opera House,10234-1,Creator Expert,Landmarks,2013,2989,,,~$182.02,"Pieces,2989,RRP,$319.99, €279.99 | ,More,PPP,10.7c, 9.4c,Packaging,Box,Instructions,Yes,Additional images,11,Launch/exit,1 Sep 2013 - 31 Dec 2016 (3y 3m 29d),Value new,~$356.57,Value used,~$182.02"
Heartlake Flying Club,3063-1,Friends,General,2012,195,1,,~$6.72,"Pieces,195,Minifigs,1, ,Minifigs,frnd008, ,RRP,$19.99 | ,More,PPP,10.3c,Packaging,Box,Instructions,Yes,Additional images,6,Launch/exit,1 Jun 2012 - 31 Dec 2013 (1y 6m 30d),Value new,~$23.09,Value used,~$6.72"
Winter Village Market,10235-1,Creator Expert,Winter Village Collection,2013,1261,9,,~$178.33,"Pieces,1261,Minifigs,9, (9 unique to this set),RRP,$99.99 | ,More,PPP,7.9c,Packaging,Box,Instructions,Yes,Additional images,31,Launch/exit,1 Oct 2013 - 31 Dec 2014 (1y 2m 29d),Value new,~$203.18,Value used,~$178.33"
Olivia's Tree House,3065-1,Friends,Tree Houses,2012,191,1,Random set of the day,~$10.42,"Pieces,191,Minifigs,1, (1 unique to this set),Minifigs,frnd010, ,RRP,$19.99 | ,More,PPP,10.5c,Packaging,Box,Instructions,Yes,Additional images,6,Launch/exit,1 Jan 2012 - 31 Dec 2013 (1y 11m 29d),Value new,~$26.35,Value used,~$10.42,Notes,Random set of the day, on 08 Jan 2023"
Ewok Village,10236-1,Star Wars,Ultimate Collector Series,2013,1990,17,,~$491.60,"Pieces,1990,Minifigs,17, (5 unique to this set),RRP,$249.99, €249.99 | ,More,PPP,12.6c, 12.6c,Packaging,Box,Instructions,Yes,Additional images,54,Launch/exit,1 Sep 2013 - 31 Dec 2016 (3y 3m 29d),Value new,~$493.54,Value used,~$491.60"
Stephanie's Cool Convertible,3183-1,Friends,Traffic,2012,130,1,Random set of the day,~$5.64,"Pieces,130,Minifigs,1, ,Minifigs,frnd008, ,RRP,$14.99 | ,More,PPP,11.5c,Packaging,Box,Instructions,Yes,Additional images,6,Launch/exit,1 Jan 2012 - 31 Jul 2013 (1y 6m 29d),Value new,~$26.65,Value used,~$5.64,Notes,Random set of the day, on 27 Nov 2022,Related sets,Included in ,66435-1, "
Tower of Orthanc,10237-1,The Lord of the Rings,The Two Towers,2013,2359,5,~$517.17,~$623.11,"Pieces,2359,Minifigs,5, (2 unique to this set),Minifigs,lor022, ,lor024, ,lor072, ,lor073, ,lor074, ,RRP,$199.99, €199.99 | ,More,PPP,8.5c, 8.5c,Packaging,Box,Instructions,Yes,Additional images,45,Designers,Bjarke Lykke Madsen, ,Hans Henrik Sidenius, ,Jordan Scott, ,Launch/exit,1 Jul 2013 - 31 Jul 2015 (2y 29d),Value new,~$623.11,Value used,~$517.17"
Adventure Camper,3184-1,Friends,Great Outdoors,2012,309,2,,~$17.40,"Pieces,309,Minifigs,2, (1 unique to this set),Minifigs,frnd017, ,frnd021, ,RRP,$34.99 | ,More,PPP,11.3c,Packaging,Box,Instructions,Yes,Additional images,6,Launch/exit,1 Jun 2012 - 31 Dec 2013 (1y 6m 30d),Value new,~$36.88,Value used,~$17.40"
Red Five X-wing Starfighter,10240-1,Star Wars,Ultimate Collector Series,2013,1559,1,,~$174.33,"Pieces,1559,Minifigs,1, ,Minifigs,sw0217, ,RRP,$199.99, €199.99 | ,More,PPP,12.8c, 12.8c,Packaging,Box,Instructions,Yes,Additional images,21,Launch/exit,1 Jun 2013 - 31 Dec 2015 (2y 6m 29d),Value new,~$292.39,Value used,~$174.33,Notes,Unveiled at LEGOWorld Copenhagen in February 2013."
Summer Riding Camp,3185-1,Friends,Horseback Riding,2012,1112,4,,~$54.48,"Pieces,1112,Minifigs,4, (3 unique to this set),Minifigs,frnd011, ,frnd025, ,frnd026, ,frnd028, ,RRP,$99.99 | ,More,PPP,9.0c,Packaging,Box,Instructions,Yes,Additional images,9,Launch/exit,1 Jun 2012 - 31 Jul 2014 (2y 1m 29d),Value new,~$182.47,Value used,~$54.48"
Horse Stable,10500-1,Duplo,2013,10500-1,44,2,,,"Pieces,44,Minifigs,2, ,Minifigs,47205pb029, ,47394pb173, ,RRP,$29.99, €29.99 | ,More,PPP,68.2c, 68.2c,Packaging,Box,Instructions,Yes,Additional images,4,Launch/exit,1 Jan 2013 - 31 Dec 2014 (1y 11m 28d),Value new,~$27.40"
Emma's Horse Trailer,3186-1,Friends,Horseback Riding,2012,218,1,,~$13.48,"Pieces,218,Minifigs,1, (1 unique to this set),Minifigs,frnd027, ,RRP,$24.99 | ,More,PPP,11.5c,Packaging,Box,Instructions,Yes,Additional images,6,Launch/exit,1 Jun 2012 - 31 Dec 2014 (2y 6m 29d),Value new,~$63.00,Value used,~$13.48"
Zoo Friends,10501-1,Duplo,Zoo,2013,5,,,,"Pieces,5,RRP,$4.99 | ,More,PPP,99.8c,Packaging,Box,Additional images,3,Value new,~$8.22,Value used,~$4.26"
Butterfly Beauty Shop,3187-1,Friends,Heartlake City,2012,221,2,66434-1,~$13.31,"Pieces,221,Minifigs,2, (1 unique to this set),Minifigs,frnd011, ,frnd012, ,RRP,$24.99 | ,More,PPP,11.3c,Packaging,Box,Instructions,Yes,Additional images,6,Launch/exit,1 Jan 2012 - 31 Dec 2012 (11m 30d),Value new,~$62.52,Value used,~$13.31,Related sets,Included in ,66434-1, "
Zoo Bus,10502-1,Duplo,Zoo,2013,19,2,,,"Pieces,19,Minifigs,2, ,Minifigs,47394pb158, ,47394pb159, ,RRP,$29.99 | ,More,PPP,157.8c,Packaging,Box,Additional images,5,Value new,~$42.27,Value used,~$38.75"
Heartlake Vet,3188-1,Friends,Heartlake City,2012,343,2,,~$26.12,"Pieces,343,Minifigs,2, (1 unique to this set),Minifigs,frnd015, ,frnd016, ,RRP,$44.99 | ,More,PPP,13.1c,Packaging,Box,Instructions,Yes,Additional images,6,Launch/exit,1 Jan 2012 - 31 Dec 2013 (1y 11m 29d),Value new,~$97.94,Value used,~$26.12"
Circus Show,10503-1,Duplo,Circus,2013,25,1,,,"Pieces,25,Minifigs,1, ,Minifigs,47394pb153, ,RRP,$14.99 | ,More,PPP,60.0c,Packaging,Box,Additional images,4,Value new,~$12.00"
Heartlake Stables,3189-1,Friends,Horseback Riding,2012,401,2,,~$31.75,"Pieces,401,Minifigs,2, (1 unique to this set),Minifigs,frnd016, ,frnd020, ,RRP,$49.99 | ,More,PPP,12.5c,Packaging,Box,Instructions,Yes,Additional images,7,Launch/exit,1 Jun 2012 - 31 Dec 2013 (1y 6m 30d),Value new,~$109.26,Value used,~$31.75"
My First Circus,10504-1,Duplo,Circus,2013,62,3,,~$37.00,"Pieces,62,Minifigs,3, (1 unique to this set),Minifigs,47394pb151, ,47394pb152, ,47394pb153, ,RRP,$34.99 | ,More,PPP,56.4c,Packaging,Box,Instructions,Yes,Additional images,5,Launch/exit,1 Jan 2013 - 31 Dec 2014 (1y 11m 28d),Value new,~$89.89,Value used,~$37.00"
Olivia's House,3315-1,Friends,Houses,2012,695,3,,~$36.45,"Pieces,695,Minifigs,3, (2 unique to this set),Minifigs,frnd017, ,frnd018, ,frnd019, ,RRP,$74.99 | ,More,PPP,10.8c,Packaging,Box,Instructions,Yes,Additional images,9,Launch/exit,1 Jan 2012 - 31 Dec 2014 (2y 11m 29d),Value new,~$126.03,Value used,~$36.45"
Play House,10505-1,Duplo,2013,10505-1,83,3,,~$74.15,"Pieces,83,Minifigs,3, ,Minifigs,47205pb028, ,47394pb159, ,47394pb197, ,RRP,$59.99, €59.99 | ,More,PPP,72.3c, 72.3c,Packaging,Box,Instructions,Yes,Additional images,4,Launch/exit,1 Jan 2013 - 30 Sep 2014 (1y 8m 28d),Value new,~$80.00,Value used,~$74.15"
LEGO Friends Advent Calendar,3316-1,Friends,Seasonal,2012,212,2,,~$18.76,"Pieces,212,Minifigs,2, (2 unique to this set),Minifigs,frnd029, ,frnd030, ,RRP,$34.99 | ,More,PPP,16.5c,Packaging,Box,Instructions,Yes,Additional images,9,Launch/exit,1 Sep 2012 - 31 Dec 2012 (3m 29d),Value new,~$30.72,Value used,~$18.76"
Train Accessory Set,10506-1,Duplo,Trains,2013,24,,66494-1,~$16.37,"Pieces,24,RRP,$19.99, €19.99 | ,More,PPP,83.3c, 83.3c,Packaging,Box,Instructions,Yes,Additional images,4,Launch/exit,1 Jun 2013 - 30 Sep 2014 (1y 3m 29d),Value new,~$62.57,Value used,~$16.37,Related sets,Included in ,66494-1, ,66524-1, "
The Flying Dutchman,3817-1,SpongeBob SquarePants,2012,3817-1,241,3,~$61.25,~$92.47,"Pieces,241,Minifigs,3, (3 unique to this set),Minifigs,bob032, ,bob033, ,bob034, ,RRP,$24.99 | ,More,PPP,10.4c,Packaging,Box,Instructions,Yes,Additional images,6,Designer,Adam Grabowski, ,Launch/exit,1 Jan 2012 - 31 Dec 2013 (1y 11m 29d),Value new,~$92.47,Value used,~$61.25"
My First Train Set,10507-1,Duplo,Trains,2013,52,2,66494-1,~$31.88,"Pieces,52,Minifigs,2, ,Minifigs,47205pb028, ,47394pb165, ,RRP,$44.99, €49.99 | ,More,PPP,86.5c, 96.1c,Packaging,Box,Instructions,Yes,Additional images,7,Launch/exit,1 Jun 2013 - 31 Jan 2014 (8m),Value new,~$86.59,Value used,~$31.88,Related sets,Included in ,66494-1, "
Bikini Bottom Undersea Party,3818-1,SpongeBob SquarePants,2012,3818-1,471,4,,~$112.98,"Pieces,471,Minifigs,4, (4 unique to this set),Minifigs,bob035, ,bob036, ,bob037, ,bob038, ,RRP,$49.99 | ,More,PPP,10.6c,Packaging,Box,Instructions,Yes,Additional images,7,Launch/exit,1 Jan 2012 - 31 Dec 2013 (1y 11m 29d),Value new,~$253.28,Value used,~$112.98"
Deluxe Train Set,10508-1,Duplo,Trains,2013,134,3,66524-1,~$75.41,"Pieces,134,Minifigs,3, ,Minifigs,47394pb156, ,47394pb157, ,47394pb166, ,RRP,$109.99, €119.99 | ,More,PPP,82.1c, 89.5c,Packaging,Box,Instructions,Yes,Additional images,5,Launch/exit,1 Jun 2013 - 31 Jul 2018 (5y 1m 29d),Value new,~$185.58,Value used,~$75.41,Related sets,Included in ,66524-1, "
Kokoriko,3863-1,Games,2012,3863-1,115,,,~$6.14,"Pieces,115,Packaging,Box,Instructions,Yes,Additional images,4,Launch/exit,1 Mar 2012 - 31 Dec 2012 (10m),Value new,~$10.12,Value used,~$6.14,Notes,Not available in the US"
Dusty and Chug,10509-1,Duplo,Planes,2013,16,2,,,"Pieces,16,Minifigs,2, (1 unique to this set),Minifigs,crs030, ,crs031, ,RRP,$14.99 | ,More,PPP,93.7c,Packaging,Box,Additional images,5,Value new,~$22.91,Value used,~$13.50"
Mini-Taurus,3864-1,Games,Minotaurus,2012,165,4,~$12.99,~$26.85,"Pieces,165,Minifigs,4, (4 unique to this set),Minifigs,85863pb085, ,85863pb086, ,85863pb087, ,85863pb088, ,Packaging,Box,Instructions,Yes,Additional images,4,Designer,Bas Brederode, ,Launch/exit,1 Mar 2012 - 31 Dec 2012 (10m),Value new,~$26.85,Value used,~$12.99,Notes,Not available in the US"
Ripslinger's Air Race,10510-1,Duplo,Planes,2013,40,2,,,"Pieces,40,Minifigs,2, (2 unique to this set),Minifigs,crs029, ,crs032, ,RRP,$24.99, €29.99 | ,More,PPP,62.5c, 75.0c,Packaging,Box,Additional images,6,Value new,~$14.97,Value used,~$16.00"
City Alarm,3865-1,Games,2012,3865-1,247,6,,~$16.76,"Pieces,247,Minifigs,6, (6 unique to this set),Minifigs,85863pb073, ,85863pb074, ,RRP,$19.99 | ,More,PPP,8.1c,Packaging,Box,Instructions,Yes,Additional images,4,Launch/exit,1 Mar 2012 - 31 Dec 2013 (1y 10m),Value new,~$37.04,Value used,~$16.76"
Skipper's Flight School,10511-1,Duplo,Planes,2013,53,3,,~$36.86,"Pieces,53,Minifigs,3, (2 unique to this set),Minifigs,crs030, ,crs033, ,crs048, ,RRP,$39.99 | ,More,PPP,75.5c,Packaging,Box,Instructions,Yes,Additional images,5,Launch/exit,1 Jul 2013 - 31 Dec 2014 (1y 6m),Value new,~$67.64,Value used,~$36.86"
Star Wars: The Battle of Hoth,3866-1,Games,Licensed,2012,305,32,~$33.90,~$75.94,"Pieces,305,Minifigs,32, (32 unique to this set),Packaging,Box,Instructions,Yes,Additional images,3,Designer,Bas Brederode, ,Launch/exit,1 Feb 2012 - 31 Dec 2013 (1y 10m 29d),Value new,~$75.94,Value used,~$33.90,Notes,Not available in the US"
Jake's Treasure Hunt,10512-1,Duplo,Jake and the Never Land Pirates,2013,22,1,,,"Pieces,22,Minifigs,1, ,Minifigs,47394pb162, ,RRP,$14.99 | ,More,PPP,68.1c,Packaging,Box,Additional images,5,Value new,~$53.60,Value used,~$13.46"
Ilrion,3874-1,Games,Heroica,2012,240,8,,~$50.65,"Pieces,240,Minifigs,8, (7 unique to this set),Minifigs,85863pb060, ,85863pb089, ,85863pb090, ,85863pb091, ,85863pb092, ,85863pb093, ,RRP,$19.99 | ,More,PPP,8.3c,Packaging,Box,Instructions,Yes,Additional images,4,Launch/exit,1 Aug 2012 - 31 Jul 2013 (11m 29d),Value new,~$51.27,Value used,~$50.65"
Never Land Hideout,10513-1,Duplo,Jake and the Never Land Pirates,2013,37,2,,~$15.83,"Pieces,37,Minifigs,2, (1 unique to this set),Minifigs,47205pb027, ,47394pb163, ,RRP,$24.99 | ,More,PPP,67.5c,Packaging,Box,Instructions,Yes,Additional images,5,Launch/exit,1 Jun 2013 - 31 Dec 2014 (1y 6m 30d),Value new,~$39.57,Value used,~$15.83"
The Hobbit: An Unexpected Journey,3920-1,Games,Licensed,2012,394,4,~$22.77,~$44.00,"Pieces,394,Minifigs,4, (4 unique to this set),Minifigs,85863pb094, ,85863pb095, ,85863pb096, ,85863pb097, ,RRP,$34.99 | ,More,PPP,8.9c,Packaging,Box,Instructions,Yes,Additional images,4,Designer,Max Valembois, ,Launch/exit,1 Oct 2012 - 31 Dec 2013 (1y 2m 29d),Value new,~$44.00,Value used,~$22.77"
Jake's Pirate Ship Bucky,10514-1,Duplo,Jake and the Never Land Pirates,2013,56,2,,~$59.34,"Pieces,56,Minifigs,2, ,Minifigs,47394pb162, ,47394pb164, ,RRP,$39.99, €49.99 | ,More,PPP,71.4c, 89.3c,Packaging,Box,Instructions,Yes,Additional images,6,Launch/exit,1 Jun 2013 - 31 Dec 2015 (2y 6m 29d),Value new,~$81.00,Value used,~$59.34"
Stephanie's Outdoor Bakery,3930-1,Friends,Baking,2012,45,1,,~$2.94,"Pieces,45,Minifigs,1, (1 unique to this set),Minifigs,frnd002, ,RRP,$6.99 | ,More,PPP,15.5c,Packaging,Box,Instructions,Yes,Additional images,5,Launch/exit,1 Jan 2012 - 31 Dec 2013 (1y 11m 29d),Value new,~$5.62,Value used,~$2.94"
Ariel's Undersea Castle,10515-1,Duplo,Disney Princess,2013,39,1,,~$35.00,"Pieces,39,Minifigs,1, ,Minifigs,dupmermaid01, ,RRP,$29.99 | ,More,PPP,76.9c,Packaging,Box,Instructions,Yes,Additional images,5,Launch/exit,1 Jan 2013 - 31 Dec 2014 (1y 11m 28d),Value new,~$99.95,Value used,~$35.00"
Emma's Splash Pool,3931-1,Friends,Summer,2012,43,1,,~$3.64,"Pieces,43,Minifigs,1, (1 unique to this set),Minifigs,frnd001, ,RRP,$5.99 | ,More,PPP,13.9c,Packaging,Box,Instructions,Yes,Additional images,4,Launch/exit,1 Jan 2012 - 31 Dec 2012 (11m 30d),Value new,~$8.76,Value used,~$3.64"
Ariel's Magical Boat Ride,10516-1,Duplo,Disney Princess,2013,30,2,,,"Pieces,30,Minifigs,2, (2 unique to this set),Minifigs,47394pb154, ,47394pb155, ,RRP,$14.99 | ,More,PPP,50.0c,Packaging,Box,Additional images,5,Value new,~$25.76,Value used,~$24.12"
Andrea's Stage,3932-1,Friends,Music,2012,87,1,Random set of the day,~$8.45,"Pieces,87,Minifigs,1, (1 unique to this set),Minifigs,frnd004, ,RRP,$9.99 | ,More,PPP,11.5c,Packaging,Box,Instructions,Yes,Additional images,4,Launch/exit,1 Jan 2012 - 31 Dec 2012 (11m 30d),Value new,~$14.00,Value used,~$8.45,Notes,Random set of the day, on 12 Apr 2023"
My First Garden,10517-1,Duplo,2013,10517-1,38,1,,,"Pieces,38,Minifigs,1, ,Minifigs,47205pb025, ,RRP,$12.99 | ,More,PPP,34.2c,Packaging,Box,Additional images,4,Value new,~$50.00,Value used,~$16.71"
Olivia's Invention Workshop,3933-1,Friends,Science,2012,81,1,,~$6.10,"Pieces,81,Minifigs,1, (1 unique to this set),Minifigs,frnd006, ,RRP,$9.99 | ,More,PPP,12.3c,Packaging,Box,Instructions,Yes,Additional images,5,Launch/exit,1 Jan 2012 - 31 Dec 2012 (11m 30d),Value new,~$19.99,Value used,~$6.10"
Mia's Puppy House,3934-1,Friends,Pets,2012,64,1,66434-1,~$5.33,"Pieces,64,Minifigs,1, (1 unique to this set),Minifigs,frnd005, ,RRP,$9.99 | ,More,PPP,15.6c,Packaging,Box,Instructions,Yes,Additional images,5,Launch/exit,1 Jan 2012 - 31 Dec 2012 (11m 30d),Value new,~$19.21,Value used,~$5.33,Related sets,Included in ,66434-1, ,66435-1, "
My First Construction Site,10518-1,Duplo,Construction,2013,43,2,,,"Pieces,43,Minifigs,2, ,Minifigs,47394pb156, ,47394pb157, ,RRP,$19.99, €19.99 | ,More,PPP,46.5c, 46.5c,Packaging,Box,Additional images,5,Value new,~$40.81,Value used,~$9.99"
Garbage Truck,10519-1,Duplo,2013,10519-1,16,1,,,"Pieces,16,Minifigs,1, ,Minifigs,47394pb157, ,RRP,$19.99 | ,More,PPP,124.9c,Packaging,Box,Instructions,Yes,Additional images,6,Value new,~$33.19,Value used,~$21.81,Notes,In the US, this set is exclusive to Target."
Big Front Loader,10520-1,Duplo,2013,10520-1,12,1,,,"Pieces,12,Minifigs,1, ,Minifigs,47394pb156, ,RRP,$19.99 | ,More,PPP,166.6c,Packaging,Box,Additional images,5,Value new,~$51.10,Value used,~$10.00"
Circus Transport,10550-1,Duplo,Circus,2013,9,1,,,"Pieces,9,Minifigs,1, ,Minifigs,47394pb151, ,RRP,$19.99 | ,More,PPP,222.1c,Packaging,Box,Additional images,2,Value new,~$45.00"
Creative Cars,10552-1,Duplo,2013,10552-1,40,,,,"Pieces,40,RRP,$19.99, €14.99 | ,More,PPP,50.0c, 37.5c,Packaging,Box,Additional images,5,Value new,~$33.28,Value used,~$15.32"
Toddler Build and Play Cubes,10553-1,Duplo,2013,10553-1,17,,,,"Pieces,17,RRP,$12.99 | ,More,PPP,76.4c,Packaging,Box,Additional images,5,Value new,~$16.63,Value used,~$7.68"
Toddler Build and Pull Along,10554-1,Duplo,2013,10554-1,15,,,,"Pieces,15,RRP,$14.99, €19.99 | ,More,PPP,99.9c, 133.3c,Packaging,Box,Additional images,5,Value new,~$24.01,Value used,~$10.00"
Creative Bucket,10555-1,Duplo,2013,10555-1,65,,,,"Pieces,65,RRP,$29.99 | ,More,PPP,46.1c,Packaging,Bucket,Additional images,4"
Creative Chest,10556-1,Duplo,2013,10556-1,106,2,,,"Pieces,106,Minifigs,2, ,Minifigs,47205pb026, ,47205pb028, ,RRP,$44.99 | ,More,PPP,42.4c,Packaging,Tub,Instructions,Yes,Additional images,2,Launch/exit,1 Jun 2013 - 31 Dec 2013 (6m 30d),Value new,~$27.76"
Giant Tower,10557-1,Duplo,2013,10557-1,200,,,,"Pieces,200,RRP,$59.99 | ,More,PPP,30.0c,Packaging,Canister,Additional images,6,Value new,~$60.00,Value used,~$46.15"
Number Train,10558-1,Duplo,Trains,2013,31,1,,,"Pieces,31,Minifigs,1, ,Minifigs,47205pb026, ,RRP,$19.99, €19.99 | ,More,PPP,64.5c, 64.5c,Packaging,Box,Additional images,5,Value new,~$17.39,Value used,~$8.10"
A Fairy Tale,10559-1,Duplo,2013,10559-1,15,,,,"Pieces,15,RRP,$12.99 | ,More,PPP,86.6c,Packaging,Blister pack,Additional images,7,Value new,~$14.99,Value used,~$7.68"
Peekaboo Jungle,10560-1,Duplo,2013,10560-1,13,,,,"Pieces,13,RRP,$12.99 | ,More,PPP,99.9c,Packaging,Blister pack,Additional images,7,Value new,~$14.89,Value used,~$10.51"
Toddler Starter Building Set,10561-1,Duplo,2013,10561-1,37,,,,"Pieces,37,RRP,$19.99 | ,More,PPP,54.0c,Packaging,Box,Additional images,5,Value new,~$26.00,Value used,~$7.08"
LEGO Monster Trucks,10655-1,Bricks and More,2013,10655-1,197,3,,~$17.00,"Pieces,197,Minifigs,3, (3 unique to this set),Minifigs,twn182, ,twn183, ,twn184, ,RRP,$19.99 | ,More,PPP,10.1c,Packaging,Box,Instructions,Yes,Additional images,6,Launch/exit,1 Jan 2013 - 31 Dec 2013 (11m 29d),Value new,~$28.32,Value used,~$17.00"
My First LEGO Princess,10656-1,Bricks and More,2013,10656-1,88,1,,,"Pieces,88,Minifigs,1, (1 unique to this set),Minifigs,cas515, ,RRP,$9.99 | ,More,PPP,11.4c,Packaging,Box,Instructions,Yes,Additional images,6,Value new,~$20.00,Value used,~$6.59"
My First LEGO Set,10657-1,Bricks and More,2013,10657-1,148,1,,~$13.63,"Pieces,148,Minifigs,1, (1 unique to this set),Minifigs,cty0368, ,RRP,$14.99 | ,More,PPP,10.1c,Packaging,Box,Instructions,Yes,Additional images,5,Launch/exit,1 Jan 2013 - 31 Dec 2013 (11m 29d),Value new,~$12.81,Value used,~$13.63"
LEGO® Blue Suitcase,10659-1,Bricks and More,2013,10659-1,146,2,,~$7.50,"Pieces,146,Minifigs,2, ,Minifigs,twn173, ,twn174, ,RRP,$24.99, €24.99 | ,More,PPP,17.1c, 17.1c,Packaging,Other,Instructions,Yes,Additional images,5,Launch/exit,1 Jan 2013 - 31 Dec 2014 (1y 11m 28d),Value new,~$40.10,Value used,~$7.50,Notes,Repackaged in 2014 to become part of LEGO Juniors theme and renamed ""Vehicle Suitcase"". The case was changed from blue hues to red hues for the repackaging."
LEGO® Pink Suitcase,10660-1,Bricks and More,2013,10660-1,151,2,,~$20.39,"Pieces,151,Minifigs,2, (1 unique to this set),Minifigs,twn171, ,twn172, ,RRP,$24.99 | ,More,PPP,16.5c,Packaging,Other,Instructions,Yes,Additional images,5,Launch/exit,1 Jan 2013 - 31 Dec 2014 (1y 11m 28d),Value new,~$26.91,Value used,~$20.39,Notes,Repackaged in 2014 to become part of LEGO Juniors theme and renamed ""House Suitcase""."
My First LEGO Fire Station,10661-1,Bricks and More,2013,10661-1,90,1,,~$5.11,"Pieces,90,Minifigs,1, (1 unique to this set),Minifigs,twn175, ,RRP,$9.99 | ,More,PPP,11.1c,Packaging,Box,Instructions,Yes,Additional images,5,Designer,Jonathan Robson, ,Value new,~$23.02,Value used,~$5.11"
LEGO Creative Bucket,10662-1,Bricks and More,2013,10662-1,607,,~$29.13,~$49.99,"Pieces,607,RRP,$29.99 | ,More,PPP,4.9c,Packaging,Bucket,Instructions,Yes,Additional images,6,Designer,Jonathan Robson, ,Launch/exit,1 Jan 2013 - 31 Dec 2014 (1y 11m 28d),Value new,~$49.99,Value used,~$29.13"
Creative Chest,10663-1,Bricks and More,2013,10663-1,609,3,~$44.12,~$104.24,"Pieces,609,Minifigs,3, (3 unique to this set),Minifigs,cty0426, ,cty0427, ,cty0428, ,Packaging,Tub,Instructions,Yes,Additional images,5,Designer,Jonathan Robson, ,Launch/exit,1 Jun 2013 - 31 Dec 2013 (6m 30d),Value new,~$104.24,Value used,~$44.12"
Creative Tower,10664-1,Bricks and More,2013,10664-1,1600,,,10654-1,"Pieces,1600,Packaging,Canister,Additional images,5,Value new,~$85.00,Value used,~$43.51,Related sets,Re-released as ,10654-1, "
Batman: Arkham Asylum Breakout,10937-1,DC Comics Super Heroes,Batman,2013,1619,8,,~$187.14,"Pieces,1619,Minifigs,8, (5 unique to this set),RRP,$159.99 | ,More,PPP,9.9c,Packaging,Box,Instructions,Yes,Additional images,25,Launch/exit,1 Jan 2013 - 31 Dec 2014 (1y 11m 28d),Value new,~$210.30,Value used,~$187.14"
The Leaning Tower of Pisa,21015-1,Architecture,Landmark Series,2013,345,,~$49.97,~$142.15,"Pieces,345,RRP,$34.99, €34.99 | ,More,PPP,10.1c, 10.1c,Packaging,Box,Instructions,Yes,Additional images,2,Designer,Steen Sig Andersen, ,Launch/exit,1 Jun 2013 - 31 Dec 2015 (2y 6m 29d),Value new,~$142.15,Value used,~$49.97"
Stephanie's Pet Patrol,3935-1,Friends,Pets,2012,73,1,66434-1,~$4.16,"Pieces,73,Minifigs,1, (1 unique to this set),Minifigs,frnd003, ,RRP,$9.99 | ,More,PPP,13.7c,Packaging,Box,Instructions,Yes,Additional images,4,Launch/exit,1 Jan 2012 - 31 Dec 2012 (11m 30d),Value new,~$13.50,Value used,~$4.16,Related sets,Included in ,66434-1, "
Emma's Fashion Design Studio,3936-1,Friends,Art,2012,79,1,66435-1,~$7.01,"Pieces,79,Minifigs,1, (1 unique to this set),Minifigs,frnd007, ,RRP,$9.99 | ,More,PPP,12.6c,Packaging,Box,Instructions,Yes,Additional images,5,Launch/exit,1 Jan 2012 - 31 Dec 2012 (11m 30d),Value new,~$19.04,Value used,~$7.01,Related sets,Included in ,66435-1, "
Olivia's Speedboat,3937-1,Friends,Beach,2012,65,1,,~$3.75,"Pieces,65,Minifigs,1, (1 unique to this set),Minifigs,frnd023, ,RRP,$9.99 | ,More,PPP,15.4c,Packaging,Box,Instructions,Yes,Additional images,5,Launch/exit,1 Jun 2012 - 31 Dec 2012 (6m 30d),Value new,~$9.00,Value used,~$3.75"
Andrea's Bunny House,3938-1,Friends,Pets,2012,62,1,Random set of the day,~$3.43,"Pieces,62,Minifigs,1, (1 unique to this set),Minifigs,frnd024, ,RRP,$9.99 | ,More,PPP,16.1c,Packaging,Box,Instructions,Yes,Additional images,5,Launch/exit,1 Jun 2012 - 31 Jul 2013 (1y 1m 29d),Value new,~$10.54,Value used,~$3.43,Notes,Random set of the day, on 06 Apr 2023"
Mia's Bedroom,3939-1,Friends,Bedrooms,2012,85,1,,~$3.39,"Pieces,85,Minifigs,1, (1 unique to this set),Minifigs,frnd022, ,RRP,$9.99 | ,More,PPP,11.8c,Packaging,Box,Instructions,Yes,Additional images,5,Launch/exit,1 Jun 2012 - 31 Jul 2013 (1y 1m 29d),Value new,~$25.00,Value used,~$3.39"
Heartlake Dog Show,3942-1,Friends,Pets,2012,183,1,,~$13.50,"Pieces,183,Minifigs,1, (1 unique to this set),Minifigs,frnd009, ,RRP,$19.99 | ,More,PPP,10.9c,Packaging,Box,Instructions,Yes,Additional images,6,Launch/exit,1 Jan 2012 - 31 Dec 2012 (11m 30d),Value new,~$50.00,Value used,~$13.50"
Mining 4x4,4200-1,City,Mining,2012,102,1,~$5.26,~$16.90,"Pieces,102,Minifigs,1, ,Minifigs,cty0309, ,RRP,$11.99 | ,More,PPP,11.8c,Packaging,Box,Instructions,Yes,Additional images,5,Designer,Samuel Johnson, ,Launch/exit,1 Jun 2012 - 31 Dec 2013 (1y 6m 30d),Value new,~$16.90,Value used,~$5.26"
Loader and Tipper,4201-1,City,Mining,2012,139,2,~$9.68,~$38.01,"Pieces,139,Minifigs,2, ,Minifigs,cty0310, ,cty0311, ,RRP,$17.99 | ,More,PPP,12.9c,Packaging,Box,Instructions,Yes,Additional images,6,Designer,Samuel Johnson, ,Launch/exit,1 Jun 2012 - 31 Dec 2014 (2y 6m 29d),Value new,~$38.01,Value used,~$9.68"
Mining Truck,4202-1,City,Mining,2012,269,1,~$28.09,~$58.74,"Pieces,269,Minifigs,1, ,Minifigs,cty0311, ,RRP,$34.99 | ,More,PPP,13.0c,Packaging,Box,Instructions,Yes,Additional images,5,Designer,Pierre Normandin, ,Launch/exit,1 Jun 2012 - 31 Dec 2012 (6m 30d),Value new,~$58.74,Value used,~$28.09"
Excavator Transporter,4203-1,City,Mining,2012,305,2,~$29.44,~$81.29,"Pieces,305,Minifigs,2, (2 unique to this set),Minifigs,cty0333, ,cty0334, ,RRP,$39.99 | ,More,PPP,13.1c,Packaging,Box,Instructions,Yes,Additional images,6,Designer,Pierre Normandin, ,Launch/exit,1 Jun 2012 - 31 Dec 2014 (2y 6m 29d),Value new,~$81.29,Value used,~$29.44"
The Mine,4204-1,City,Mining,2012,748,4,Random set of the day,~$83.00,"Pieces,748,Minifigs,4, (1 unique to this set),Minifigs,cty0309, ,cty0310, ,cty0311, ,cty0322, ,RRP,$99.99 | ,More,PPP,13.4c,Packaging,Box,Instructions,Yes,Additional images,8,Launch/exit,1 Jun 2012 - 31 Dec 2014 (2y 6m 29d),Value new,~$193.87,Value used,~$83.00,Notes,Random set of the day, on 09 Sep 2022"
Off-road Command Centre,4205-1,City,Forest Police,2012,403,3,~$34.00,~$53.88,"Pieces,403,Minifigs,3, (2 unique to this set),Minifigs,cty0264, ,cty0283, ,cty0284, ,RRP,$39.99 | ,More,PPP,9.9c,Packaging,Box,Instructions,Yes,Additional images,17,Designer,Pierre Normandin, ,Launch/exit,1 Jan 2012 - 31 Dec 2012 (11m 30d),Value new,~$53.88,Value used,~$34.00,Notes,An exclusive release set in many countries and not shown in the general consumer catalogue; also available from LEGO Shop At Home. "
Recycling Truck,4206-2,City,Great Vehicles,2012,297,3,,~$27.79,"Pieces,297,Minifigs,3, (3 unique to this set),Minifigs,cty0292, ,cty0293, ,cty0294, ,RRP,$29.99 | ,More,PPP,10.1c,Packaging,Box,Instructions,Yes,Additional images,6,Launch/exit,1 Jan 2012 - 31 Dec 2012 (11m 30d),Value new,~$56.06,Value used,~$27.79,Notes,An exclusive release set in many countries and not shown in the general consumer catalogue; also available from LEGO Shop At Home. "
City Garage,4207-1,City,Town,2012,933,5,~$99.98,~$155.02,"Pieces,933,Minifigs,5, (5 unique to this set),Minifigs,cty0313, ,cty0314, ,cty0315, ,cty0316, ,oct069, ,RRP,$119.99 | ,More,PPP,12.9c,Packaging,Box,Instructions,Yes,Additional images,8,Designer,Samuel Johnson, ,Launch/exit,1 Jun 2012 - 31 Dec 2013 (1y 6m 30d),Value new,~$155.02,Value used,~$99.98,Notes,An exclusive release set in many countries and not shown in the general consumer catalogue; also available from LEGO Shop At Home. "
Fire Truck,4208-1,City,Forest Fire,2012,243,1,66426-1,~$12.02,"Pieces,243,Minifigs,1, (1 unique to this set),Minifigs,cty0286, ,RRP,$19.99 | ,More,PPP,8.2c,Packaging,Box,Instructions,Yes,Additional images,11,Launch/exit,1 Jan 2012 - 31 Dec 2012 (11m 30d),Value new,~$47.00,Value used,~$12.02,Related sets,Included in ,66426-1, "
Fire Plane,4209-1,City,Forest Fire,2012,522,3,Random set of the day,~$47.36,"Pieces,522,Minifigs,3, (2 unique to this set),Minifigs,cty0278, ,cty0279, ,cty0280, ,RRP,$59.99 | ,More,PPP,11.5c,Packaging,Box,Instructions,Yes,Additional images,18,Launch/exit,1 Jan 2012 - 31 Dec 2013 (1y 11m 29d),Value new,~$61.51,Value used,~$47.36,Notes,Random set of the day, on 07 Aug 2022,Related sets,Included in ,66426-1, "
Fire ATV,4427-1,City,Forest Fire,2012,50,1,~$3.91,~$10.00,"Pieces,50,Minifigs,1, ,Minifigs,cty0287, ,RRP,$5.99 | ,More,PPP,12.0c,Packaging,Box,Instructions,Yes,Additional images,13,Designer,Pierre Normandin, ,Launch/exit,1 Jan 2012 - 31 Dec 2012 (11m 30d),Value new,~$10.00,Value used,~$3.91,Notes,Random set of the day, on 24 Jul 2023,Related sets,Included in ,66426-1, "
LEGO City Advent Calendar,4428-1,City,Seasonal,2012,248,7,~$17.50,~$30.99,"Pieces,248,Minifigs,7, (5 unique to this set),Minifigs,cty0302, ,cty0335, ,cty0336, ,cty0337, ,cty0338, ,cty0339, ,hol014, ,RRP,$39.99 | ,More,PPP,16.1c,Packaging,Box,Instructions,Yes,Additional images,8,Designer,Samuel Johnson, ,Launch/exit,1 Sep 2012 - 31 Dec 2012 (3m 29d),Value new,~$30.99,Value used,~$17.50,Notes,Random set of the day, on 14 Jan 2022"
Helicopter Rescue,4429-1,City,Medical,2012,425,4,,~$40.00,"Pieces,425,Minifigs,4, (3 unique to this set),Minifigs,cty0278, ,cty0317, ,cty0318, ,cty0319, ,RRP,$59.99 | ,More,PPP,14.1c,Packaging,Box,Instructions,Yes,Additional images,7,Launch/exit,1 Jun 2012 - 31 Dec 2013 (1y 6m 30d),Value new,~$87.57,Value used,~$40.00,Notes,An exclusive release set in many countries and not shown in the general consumer catalogue; also available from LEGO Shop At Home. "
Fire Transporter,4430-1,City,Forest Fire,2012,522,3,~$51.81,~$136.10,"Pieces,522,Minifigs,3, (1 unique to this set),Minifigs,cty0300, ,cty0301, ,cty0302, ,RRP,$49.99 | ,More,PPP,9.6c,Packaging,Box,Instructions,Yes,Additional images,17,Designer,Henrik Andersen, ,Launch/exit,1 Jan 2012 - 31 Dec 2013 (1y 11m 29d),Value new,~$136.10,Value used,~$51.81,Notes,An exclusive release set in many countries and not shown in the general consumer catalogue; also available from LEGO Shop At Home. "
Ambulance,4431-1,City,Great Vehicles,2012,199,3,66451-1,~$30.45,"Pieces,199,Minifigs,3, (3 unique to this set),Minifigs,cty0270, ,cty0271, ,cty0272, ,RRP,$19.99 | ,More,PPP,10.0c,Packaging,Box,Instructions,Yes,Additional images,5,Designer,Samuel Johnson, ,Value new,~$91.10,Value used,~$30.45,Related sets,Included in ,66451-1, "
Garbage Truck,4432-1,City,Great Vehicles,2012,208,2,66451-1,~$20.84,"Pieces,208,Minifigs,2, (2 unique to this set),Minifigs,cty0268, ,cty0269, ,RRP,$19.99 | ,More,PPP,9.6c,Packaging,Box,Instructions,Yes,Additional images,5,Designer,Henrik Andersen, ,Value new,~$75.34,Value used,~$20.84,Related sets,Included in ,66451-1, "
Dirt Bike Transporter,4433-1,City,Great Vehicles,2012,201,2,66451-1,~$13.31,"Pieces,201,Minifigs,2, (2 unique to this set),Minifigs,oct066, ,oct067, ,RRP,$19.99 | ,More,PPP,9.9c,Packaging,Box,Instructions,Yes,Additional images,15,Launch/exit,1 Jan 2012 - 31 Dec 2012 (11m 30d),Value new,~$46.25,Value used,~$13.31,Related sets,Included in ,66451-1, "
Dump Truck,4434-1,City,Great Vehicles,2012,222,2,~$27.77,~$50.53,"Pieces,222,Minifigs,2, (1 unique to this set),Minifigs,cty0290, ,cty0291, ,RRP,$19.99 | ,More,PPP,9.0c,Packaging,Box,Instructions,Yes,Additional images,11,Designer,Pierre Normandin, ,Launch/exit,1 Jan 2012 - 31 Dec 2012 (11m 30d),Value new,~$50.53,Value used,~$27.77"
Car and Caravan,4435-1,City,Great Vehicles,2012,218,2,Random set of the day,~$17.29,"Pieces,218,Minifigs,2, (2 unique to this set),Minifigs,cty0261, ,cty0262, ,RRP,$19.99 | ,More,PPP,9.2c,Packaging,Box,Instructions,Yes,Additional images,6,Designer,Pierre Normandin, ,Value new,~$42.94,Value used,~$17.29,Notes,Random set of the day, on 19 Jan 2022,Related sets,Included in ,66451-1, "
Imperial Hotel,21017-1,Architecture,Architect Series,2013,1188,,~$117.67,~$169.71,"Pieces,1188,RRP,$129.99, €119.99 | ,More,PPP,10.9c, 10.1c,Packaging,Box,Instructions,Yes,Additional images,6,Designers,Rok Zgalin Kobe, ,Steen Sig Andersen, ,Launch/exit,1 Mar 2013 - 31 Dec 2015 (2y 10m),Value new,~$169.71,Value used,~$117.67"
United Nations Headquarters,21018-1,Architecture,Landmark Series,2013,597,,~$69.32,~$121.10,"Pieces,597,RRP,$49.99, €49.99 | ,More,PPP,8.4c, 8.4c,Packaging,Box,Instructions,Yes,Additional images,5,Designers,Rok Zgalin Kobe, ,Steen Sig Andersen, ,Launch/exit,1 Oct 2013 - 31 Dec 2015 (2y 2m 29d),Value new,~$121.10,Value used,~$69.32"
Studio,21050-1,Architecture,Miscellaneous,2013,1210,,,~$224.86,"Pieces,1210,RRP,$159.99, €159.99 | ,More,PPP,13.2c, 13.2c,Packaging,Box,Instructions,Yes,Additional images,7,Designers,Rok Zgalin Kobe, ,Steen Sig Andersen, ,Value new,~$341.67,Value used,~$224.86,Notes,Associated with Architecture Studio event(s) in the USA at Barnes and Noble, July 2013. Also available from Shop At Home."
The DeLorean Time Machine,21103-1,Ideas,Licensed,2013,401,2,~$90.36,~$138.38,"Pieces,401,Minifigs,2, (1 unique to this set),Minifigs,idea001, ,idea002, ,RRP,$34.99, €39.99 | ,More,PPP,8.7c, 10.0c,Packaging,Box,Instructions,Yes,Additional images,5,Designer,Steen Sig Andersen, ,Launch/exit,1 Aug 2013 - 31 Dec 2014 (1y 4m 30d),Value new,~$138.38,Value used,~$90.36,Notes,Based on project ""Back to the Future (BTTF) - DeLorean Time Machine"" by user 'm.togami'.,Theme labelled as CUUSOO (No. 4)"
Micro World - The Village,21105-1,Minecraft,Micro World,2013,466,3,~$28.89,~$65.39,"Pieces,466,Minifigs,3, (3 unique to this set),Minifigs,min003, ,min004, ,min005, ,RRP,$34.99 | ,More,PPP,7.5c,Packaging,Box,Instructions,Yes,Additional images,13,Designer,Steen Sig Andersen, ,Launch/exit,1 Sep 2013 - 31 Dec 2014 (1y 3m 29d),Value new,~$65.39,Value used,~$28.89,Related sets,Connects with ,21102-1, ,21106-1, ,21107-1, "
Micro World - The Nether,21106-1,Minecraft,Micro World,2013,469,3,~$29.96,~$61.84,"Pieces,469,Minifigs,3, (3 unique to this set),Minifigs,min006, ,min007, ,RRP,$34.99 | ,More,PPP,7.5c,Packaging,Box,Instructions,Yes,Additional images,11,Designer,Steen Sig Andersen, ,Launch/exit,1 Sep 2013 - 31 Dec 2014 (1y 3m 29d),Value new,~$61.84,Value used,~$29.96,Related sets,Connects with ,21102-1, ,21105-1, ,21107-1, "
Mini Speeder,31000-1,Creator,3 in 1,2013,65,,,~$2.95,"Pieces,65,RRP,$6.99 | ,More,PPP,10.8c,Packaging,Plastic canister,Instructions,Yes,Additional images,5,Designer,Andy Seenan, ,Value new,~$6.30,Value used,~$2.95"
Mini Skyflyer,31001-1,Creator,3 in 1,2013,62,,,~$2.82,"Pieces,62,RRP,$6.99 | ,More,PPP,11.3c,Packaging,Plastic canister,Instructions,Yes,Additional images,5,Designer,Andy Seenan, ,Value new,~$9.88,Value used,~$2.82"
Super Racer,31002-1,Creator,3 in 1,2013,121,,,~$2.35,"Pieces,121,RRP,$14.99 | ,More,PPP,12.4c,Packaging,Box,Instructions,Yes,Additional images,5,Designer,Morten Graff-Wang, ,Value new,~$15.35,Value used,~$2.35"
Red Rotors,31003-1,Creator,3 in 1,2013,145,,~$4.95,~$14.48,"Pieces,145,RRP,$14.99 | ,More,PPP,10.3c,Packaging,Box,Instructions,Yes,Additional images,4,Designer,Morten Graff-Wang, ,Launch/exit,1 Jan 2013 - 31 Dec 2014 (1y 11m 28d),Value new,~$14.48,Value used,~$4.95"
Fierce Flyer,31004-1,Creator,3 in 1,2013,166,,,,"Pieces,166,RRP,$14.99 | ,More,PPP,9.0c,Packaging,Box,Instructions,Yes,Additional images,6,Value new,~$30.52,Value used,~$10.57"
Construction Hauler,31005-1,Creator,3 in 1,2013,256,,,,"Pieces,256,RRP,$17.99 | ,More,PPP,7.0c,Packaging,Box,Instructions,Yes,Additional images,7,Value new,~$31.71,Value used,~$7.52"
Highway Speedster,31006-1,Creator,3 in 1,2013,286,,~$10.94,~$23.93,"Pieces,286,RRP,$24.99 | ,More,PPP,8.7c,Packaging,Box,Instructions,Yes,Additional images,4,Designer,Andy Seenan, ,Launch/exit,1 Jan 2013 - 31 Dec 2014 (1y 11m 28d),Value new,~$23.93,Value used,~$10.94"
Power Mech,31007-1,Creator,3 in 1,2013,223,,,~$9.70,"Pieces,223,RRP,$19.99 | ,More,PPP,9.0c,Packaging,Box,Instructions,Yes,Additional images,7,Designer,Morten Graff-Wang, ,Value new,~$26.95,Value used,~$9.70"
Thunder Wings,31008-1,Creator,3 in 1,2013,235,,,,"Pieces,235,RRP,$19.99 | ,More,PPP,8.5c,Packaging,Box,Instructions,Yes,Additional images,4,Value new,~$31.00,Value used,~$13.01"
Small Cottage,31009-1,Creator,3 in 1,2013,271,1,,~$17.51,"Pieces,271,Minifigs,1, ,Minifigs,pln172, ,RRP,$24.99 | ,More,PPP,9.2c,Packaging,Box,Instructions,Yes,Additional images,6,Launch/exit,1 Jan 2013 - 31 Dec 2014 (1y 11m 28d),Value new,~$36.73,Value used,~$17.51"
Treehouse,31010-1,Creator,3 in 1,2013,356,1,~$17.00,~$49.99,"Pieces,356,Minifigs,1, (1 unique to this set),Minifigs,pln173, ,RRP,$29.99, €29.99 | ,More,PPP,8.4c, 8.4c,Packaging,Box,Instructions,Yes,Additional images,5,Designer,Andy Seenan, ,Launch/exit,1 Jun 2013 - 31 Dec 2015 (2y 6m 29d),Value new,~$49.99,Value used,~$17.00"
Aviation Adventures,31011-1,Creator,3 in 1,2013,618,,~$42.00,~$71.60,"Pieces,618,RRP,$59.99 | ,More,PPP,9.7c,Packaging,Box,Instructions,Yes,Additional images,6,Designer,Morten Graff-Wang, ,Launch/exit,1 Jun 2013 - 31 Dec 2014 (1y 6m 30d),Value new,~$71.60,Value used,~$42.00"
Family House,31012-1,Creator,3 in 1,2013,756,2,~$73.90,~$138.61,"Pieces,756,Minifigs,2, (2 unique to this set),Minifigs,twn185, ,twn186, ,RRP,$69.99 | ,More,PPP,9.3c,Packaging,Box,Instructions,Yes,Additional images,5,Designer,Mel Caddick, ,Launch/exit,1 Jun 2013 - 31 Dec 2014 (1y 6m 30d),Value new,~$138.61,Value used,~$73.90"
Mindstorms EV3,31313-1,Mindstorms,EV3,2013,601,,~$282.51,~$559.93,"Pieces,601,RRP,$349.99, €341.17 | ,More,PPP,58.2c, 56.8c,Packaging,Box,Instructions,Yes,Additional images,6,Designer,Jørn Thomsen, ,Launch/exit,1 Sep 2013 - 31 Jul 2020 (6y 10m 29d),Value new,~$559.93,Value used,~$282.51"
Valentine's Day Heart Box,40051-1,Seasonal,Valentine's Day,2013,54,,,~$8.25,"Pieces,54,RRP,$4.99 | ,More,PPP,9.2c,Packaging,Polybag,Instructions,Yes,Additional images,2,Designer,Nina Koopmann, ,Value new,~$10.89,Value used,~$8.25"
Springtime Scene,40052-1,Seasonal,Spring,2013,88,2,,,"Pieces,88,Minifigs,2, (2 unique to this set),Minifigs,hol015, ,hol016, ,RRP,$7.99 | ,More,PPP,9.1c,Packaging,Polybag,Instructions,Yes,Additional images,2,Value new,~$11.60,Value used,~$7.98"
Easter Bunny with Basket,40053-1,Seasonal,Easter,2013,96,,,,"Pieces,96,RRP,$4.99 | ,More,PPP,5.2c,Packaging,Polybag,Instructions,Yes,Additional images,2,Value new,~$8.96,Value used,~$7.69"
Summer Scene,40054-1,Seasonal,Summer,2013,40,1,,,"Pieces,40,Minifigs,1, (1 unique to this set),Minifigs,hol017, ,RRP,$4.99 | ,More,PPP,12.5c,Packaging,Polybag,Instructions,Yes,Additional images,2,Value new,~$17.94,Value used,~$7.50"
Halloween Pumpkin,40055-1,Seasonal,Halloween,2013,52,,,~$6.23,"Pieces,52,RRP,$4.99 | ,More,PPP,9.6c,Packaging,Polybag,Additional images,2,Designer,Nina Koopmann, ,Value new,~$24.10,Value used,~$6.23"
Patrol Car,4436-1,City,Forest Police,2012,97,2,66427-1,~$5.51,"Pieces,97,Minifigs,2, (1 unique to this set),Minifigs,cty0007, ,cty0260, ,RRP,$11.99 | ,More,PPP,12.4c,Packaging,Box,Instructions,Yes,Additional images,9,Designer,Pierre Normandin, ,Value new,~$16.46,Value used,~$5.51,Related sets,Included in ,66427-1, ,66428-1, ,66436-1, "
Police Pursuit,4437-1,City,Forest Police,2012,129,2,66427-1,Random set of the day,"Pieces,129,Minifigs,2, (1 unique to this set),Minifigs,cty0266, ,cty0276, ,RRP,$17.99 | ,More,PPP,13.9c,Packaging,Box,Instructions,Yes,Additional images,13,Value new,~$22.50,Value used,~$6.40,Notes,Random set of the day, on 15 Jul 2022,Related sets,Included in ,66427-1, ,66436-1, "
Robber's Hideout,4438-1,City,Forest Police,2012,317,4,Random set of the day,~$48.89,"Pieces,317,Minifigs,4, (1 unique to this set),Minifigs,cty0264, ,cty0265, ,cty0273, ,cty0282, ,RRP,$39.99 | ,More,PPP,12.6c,Packaging,Box,Instructions,Yes,Additional images,18,Launch/exit,1 Jan 2012 - 31 Dec 2012 (11m 30d),Value new,~$97.50,Value used,~$48.89,Notes,Random set of the day, on 08 Jan 2024,An exclusive release set in many countries and not shown in the general consumer catalogue; also available from LEGO Shop At Home. "
Heavy-Lift Helicopter,4439-1,City,Forest Police,2012,393,3,66427-1,~$29.25,"Pieces,393,Minifigs,3, (2 unique to this set),Minifigs,cty0273, ,cty0274, ,cty0277, ,RRP,$49.99 | ,More,PPP,12.7c,Packaging,Box,Instructions,Yes,Additional images,13,Designer,Henrik Andersen, ,Value new,~$90.00,Value used,~$29.25,Related sets,Included in ,66427-1, "
Forest Police Station,4440-1,City,Forest Police,2012,633,5,,Random set of the day,"Pieces,633,Minifigs,5, (1 unique to this set),Minifigs,cty0263, ,cty0264, ,cty0265, ,cty0266, ,cty0267, ,RRP,$79.99 | ,More,PPP,12.6c,Packaging,Box,Instructions,Yes,Additional images,18,Value new,~$132.40,Value used,~$50.23,Notes,Random set of the day, on 14 Sep 2023"
Police Dog Van,4441-1,City,Forest Police,2012,313,2,66427-1,~$18.77,"Pieces,313,Minifigs,2, ,Minifigs,cty0208, ,cty0273, ,RRP,$34.99 | ,More,PPP,11.2c,Packaging,Box,Instructions,Yes,Additional images,17,Designer,Samuel Johnson, ,Value new,~$46.40,Value used,~$18.77,Related sets,Included in ,66427-1, "
Batman,4526-1,DC Comics Super Heroes,Buildable Figures,2012,40,,,~$9.98,"Pieces,40,RRP,$14.99 | ,More,PPP,37.5c,Packaging,Box,Instructions,Yes,Additional images,4,Launch/exit,1 Jan 2012 - 31 Dec 2012 (11m 30d),Value new,~$43.94,Value used,~$9.98"
The Joker,4527-1,DC Comics Super Heroes,Buildable Figures,2012,57,,Random set of the day,~$9.61,"Pieces,57,RRP,$14.99 | ,More,PPP,26.3c,Packaging,Box,Instructions,Yes,Additional images,4,Launch/exit,1 Jan 2012 - 31 Dec 2012 (11m 30d),Value new,~$31.91,Value used,~$9.61,Notes,Random set of the day, on 01 May 2022"
Green Lantern,4528-1,DC Comics Super Heroes,Buildable Figures,2012,38,,,~$16.69,"Pieces,38,RRP,$14.99 | ,More,PPP,39.4c,Packaging,Box,Instructions,Yes,Additional images,4,Launch/exit,1 Jan 2012 - 31 Dec 2012 (11m 30d),Value new,~$35.00,Value used,~$16.69"
Iron Man,4529-1,Marvel Super Heroes,Buildable Figures,2012,44,,,~$20.95,"Pieces,44,RRP,$14.99 | ,More,PPP,34.1c,Packaging,Box,Instructions,Yes,Additional images,2,Launch/exit,1 May 2012 - 31 Dec 2012 (8m),Value new,~$57.07,Value used,~$20.95"
The Hulk,4530-1,Marvel Super Heroes,Buildable Figures,2012,39,,,~$8.42,"Pieces,39,RRP,$14.99 | ,More,PPP,38.4c,Packaging,Box,Instructions,Yes,Additional images,2,Launch/exit,1 May 2012 - 31 Dec 2012 (8m),Value new,~$45.00,Value used,~$8.42"
Captain America,4597-1,Marvel Super Heroes,Buildable Figures,2012,44,,,~$13.79,"Pieces,44,RRP,$14.99 | ,More,PPP,34.1c,Packaging,Box,Instructions,Yes,Additional images,2,Launch/exit,1 May 2012 - 31 Dec 2012 (8m),Value new,~$49.82,Value used,~$13.79"
Pink Brick Box,4623-1,Duplo,2012,4623-1,30,,,,"Pieces,30,RRP,$14.99 | ,More,PPP,50.0c,Packaging,Tub,Instructions,Yes,Additional images,5,Value new,~$49.62,Value used,~$7.00"
Brick Box Green,4624-1,Duplo,2012,4624-1,31,,,,"Pieces,31,RRP,$14.99 | ,More,PPP,48.4c,Packaging,Tub,Instructions,Yes,Additional images,5,Value new,~$19.26,Value used,~$10.00"
Pink Brick Box,4625-1,Bricks and More,2012,4625-1,224,1,,~$7.00,"Pieces,224,Minifigs,1, (1 unique to this set),Minifigs,twn154, ,RRP,$14.99 | ,More,PPP,6.7c,Packaging,Tub,Instructions,Yes,Additional images,6,Launch/exit,1 Jan 2012 - 31 Dec 2013 (1y 11m 29d),Value new,~$24.60,Value used,~$7.00"
Farm Brick Box,4626-1,Bricks and More,2012,4626-1,232,1,,~$19.83,"Pieces,232,Minifigs,1, (1 unique to this set),Minifigs,cty0296, ,RRP,$14.99 | ,More,PPP,6.5c,Packaging,Tub,Instructions,Yes,Additional images,6,Launch/exit,1 Jan 2012 - 31 Dec 2013 (1y 11m 29d),Value new,~$37.81,Value used,~$19.83"
Fun With Bricks,4627-1,Duplo,2012,4627-1,85,,,,"Pieces,85,RRP,$29.99 | ,More,PPP,35.3c,Packaging,Box,Instructions,Yes,Additional images,6,Launch/exit,1 Jan 2012 - 31 Dec 2013 (1y 11m 29d),Value new,~$26.50"
Fun With Bricks,4628-1,Bricks and More,2012,4628-1,600,,,~$9.00,"Pieces,600,RRP,$29.99 | ,More,PPP,5.0c,Packaging,Box,Instructions,Yes,Additional images,6,Launch/exit,1 Jan 2012 - 31 Dec 2013 (1y 11m 29d),Value new,~$58.49,Value used,~$9.00"
Build & Play Box,4629-1,Duplo,2012,4629-1,150,,,,"Pieces,150,RRP,$59.99 | ,More,PPP,40.0c,Packaging,Box,Instructions,Yes,Additional images,8,Launch/exit,1 Sep 2012 - 31 Dec 2013 (1y 3m 29d),Value new,~$45.00"
Build & Play Box,4630-1,Make and Create,2012,4630-1,1000,,,~$38.01,"Pieces,1000,Packaging,Box,Instructions,Yes,Additional images,8,Launch/exit,1 Sep 2012 - 31 Dec 2013 (1y 3m 29d),Value new,~$75.69,Value used,~$38.01"
My First Build,4631-1,Duplo,2012,4631-1,59,1,,~$9.37,"Pieces,59,Minifigs,1, ,Minifigs,47394pb113, ,RRP,$24.99 | ,More,PPP,42.4c,Packaging,Box,Instructions,Yes,Additional images,6,Launch/exit,1 Jan 2012 - 31 Dec 2013 (1y 11m 29d),Value new,~$49.99,Value used,~$9.37"
Building Plates,4632-1,Duplo,Accessories,2012,3,,,,"Pieces,3,RRP,$9.99 | ,More,PPP,333.0c,Packaging,Shrink-wrapped,Additional images,2,Value new,~$16.37"
Fun With Vehicles,4635-1,Bricks and More,2012,4635-1,525,2,,~$18.04,"Pieces,525,Minifigs,2, (1 unique to this set),Minifigs,cty0215, ,cty0295, ,RRP,$29.99 | ,More,PPP,5.7c,Packaging,Box,Instructions,Yes,Additional images,7,Launch/exit,1 Jan 2012 - 31 Dec 2013 (1y 11m 29d),Value new,~$38.03,Value used,~$18.04"
Police Building Set,4636-1,Bricks and More,2012,4636-1,130,2,,,"Pieces,130,Minifigs,2, (2 unique to this set),Minifigs,cty0288, ,cty0289, ,RRP,$9.99 | ,More,PPP,7.7c,Packaging,Box,Instructions,Yes,Additional images,6,Value new,~$13.42,Value used,~$4.38"
Safari Building Set,4637-1,Bricks and More,2012,4637-1,152,2,,,"Pieces,152,Minifigs,2, (2 unique to this set),Minifigs,cty0275, ,cty0281, ,RRP,$9.99 | ,More,PPP,6.6c,Packaging,Box,Instructions,Yes,Additional images,6,Value new,~$14.99,Value used,~$6.03"
Thanksgiving Feast,40056-1,Seasonal,Thanksgiving,2013,46,2,,~$16.32,"Pieces,46,Minifigs,2, (2 unique to this set),Minifigs,hol022, ,hol023, ,RRP,$7.99 | ,More,PPP,17.4c,Packaging,Polybag,Additional images,2,Designer,Nina Koopmann, ,Value new,~$17.01,Value used,~$16.32"
Fall Scene,40057-1,Seasonal,Fall,2013,72,3,,~$14.98,"Pieces,72,Minifigs,3, (3 unique to this set),Minifigs,hol018, ,hol019, ,hol020, ,RRP,$7.99 | ,More,PPP,11.1c,Packaging,Polybag,Instructions,Yes,Additional images,2,Launch/exit,1 Jan 2013 - 31 Dec 2013 (11m 29d),Value new,~$15.52,Value used,~$14.98"
Decorating the Tree,40058-1,Seasonal,Christmas,2013,110,2,,~$10.00,"Pieces,110,Minifigs,2, (2 unique to this set),Minifigs,hol030, ,hol031, ,RRP,$7.99 | ,More,PPP,7.3c,Packaging,Polybag,Instructions,Yes,Additional images,2,Launch/exit,1 Jan 2013 - 31 Dec 2014 (1y 11m 28d),Value new,~$15.19,Value used,~$10.00"
Santa's Sleigh,40059-1,Seasonal,Christmas,2013,77,2,,~$16.75,"Pieces,77,Minifigs,2, (1 unique to this set),Minifigs,hol009, ,hol033, ,RRP,$7.99 | ,More,PPP,10.4c,Packaging,Polybag,Instructions,Yes,Additional images,2,Launch/exit,1 Jan 2013 - 31 Dec 2013 (11m 29d),Value new,~$18.29,Value used,~$16.75"
Friends Pencil Holder,40080-1,Friends,Accessories,2013,138,,,,"Pieces,138,RRP,$14.99, €12.99 | ,More,PPP,10.9c, 9.4c,Packaging,Box,Instructions,Yes,Additional images,2,Designer,Nina Koopmann, ,Launch/exit,1 Mar 2013 - 31 Dec 2015 (2y 10m)"
Water Scooter Fun,41000-1,Friends,Beach,2013,28,1,,~$2.73,"Pieces,28,Minifigs,1, (1 unique to this set),Minifigs,frnd039, ,RRP,$6.99 | ,More,PPP,25.0c,Packaging,Box,Instructions,Yes,Additional images,5,Launch/exit,1 Jan 2013 - 31 Dec 2014 (1y 11m 28d),Value new,~$3.99,Value used,~$2.73"
Mia's Magic Tricks,41001-1,Friends,Pets,2013,90,1,,~$4.39,"Pieces,90,Minifigs,1, (1 unique to this set),Minifigs,frnd041, ,RRP,$9.99 | ,More,PPP,11.1c,Packaging,Box,Instructions,Yes,Additional images,4,Launch/exit,1 Jan 2013 - 31 Dec 2013 (11m 29d),Value new,~$11.77,Value used,~$4.39"
Emma's Karate Class,41002-1,Friends,Sports,2013,93,1,,~$6.08,"Pieces,93,Minifigs,1, (1 unique to this set),Minifigs,frnd037, ,RRP,$9.99 | ,More,PPP,10.7c,Packaging,Box,Instructions,Yes,Additional images,4,Launch/exit,1 Jan 2013 - 31 Dec 2013 (11m 29d),Value new,~$8.73,Value used,~$6.08"
Olivia's Newborn Foal,41003-1,Friends,Farm,2013,70,1,,~$5.41,"Pieces,70,Minifigs,1, (1 unique to this set),Minifigs,frnd040, ,RRP,$9.99 | ,More,PPP,14.3c,Packaging,Box,Instructions,Yes,Additional images,6,Launch/exit,1 Jan 2013 - 31 Jul 2014 (1y 6m 28d),Value new,~$16.15,Value used,~$5.41"
Rehearsal Stage,41004-1,Friends,Music,2013,198,1,66455-1,~$14.99,"Pieces,198,Minifigs,1, (1 unique to this set),Minifigs,frnd038, ,RRP,$19.99 | ,More,PPP,10.1c,Packaging,Box,Instructions,Yes,Additional images,5,Launch/exit,1 Jan 2013 - 31 Dec 2014 (1y 11m 28d),Value new,~$22.71,Value used,~$14.99,Related sets,Included in ,66455-1, "
Heartlake High,41005-1,Friends,Heartlake City,2013,487,3,~$30.96,~$71.68,"Pieces,487,Minifigs,3, (3 unique to this set),Minifigs,frnd042a, ,frnd043, ,frnd044, ,RRP,$49.99 | ,More,PPP,10.3c,Packaging,Box,Instructions,Yes,Additional images,6,Designer,Bas Brederode, ,Launch/exit,1 Jun 2013 - 31 Dec 2014 (1y 6m 30d),Value new,~$71.68,Value used,~$30.96,Related sets,Included in ,66455-1, "
Downtown Bakery,41006-1,Friends,Heartlake City,2013,253,2,5003097-1,~$11.93,"Pieces,253,Minifigs,2, (2 unique to this set),Minifigs,frnd049, ,frnd050, ,RRP,$29.99 | ,More,PPP,11.9c,Packaging,Box,Instructions,Yes,Additional images,5,Launch/exit,1 Jun 2013 - 31 Dec 2014 (1y 6m 30d),Value new,~$36.77,Value used,~$11.93,Related sets,Included in ,5003097-1, "
Heartlake Pet Salon,41007-1,Friends,Heartlake City,2013,242,2,,~$10.50,"Pieces,242,Minifigs,2, (2 unique to this set),Minifigs,frnd034, ,frnd035, ,RRP,$29.99 | ,More,PPP,12.4c,Packaging,Box,Instructions,Yes,Additional images,5,Launch/exit,1 Jan 2013 - 31 Dec 2014 (1y 11m 28d),Value new,~$37.99,Value used,~$10.50"
Heartlake City Pool,41008-1,Friends,Summer,2013,423,2,,Random set of the day,"Pieces,423,Minifigs,2, (2 unique to this set),Minifigs,frnd032, ,frnd033, ,RRP,$39.99 | ,More,PPP,9.5c,Packaging,Box,Instructions,Yes,Additional images,5,Value new,~$64.20,Value used,~$15.29,Notes,Random set of the day, on 09 Feb 2023"
Andrea's Bedroom,41009-1,Friends,Bedrooms,2013,75,1,,~$5.48,"Pieces,75,Minifigs,1, (1 unique to this set),Minifigs,frnd051, ,RRP,$9.99 | ,More,PPP,13.3c,Packaging,Box,Instructions,Yes,Additional images,6,Launch/exit,1 Jun 2013 - 31 Jul 2014 (1y 1m 29d),Value new,~$13.32,Value used,~$5.48"
Olivia's Beach Buggy,41010-1,Friends,Beach,2013,94,1,,~$5.50,"Pieces,94,Minifigs,1, ,Minifigs,frnd048, ,RRP,$9.99 | ,More,PPP,10.6c,Packaging,Box,Instructions,Yes,Additional images,5,Launch/exit,1 Jun 2013 - 31 Jul 2014 (1y 1m 29d),Value new,~$11.40,Value used,~$5.50"
Stephanie's Soccer Practice,41011-1,Friends,Sports,2013,80,1,~$5.10,~$14.82,"Pieces,80,Minifigs,1, (1 unique to this set),Minifigs,frnd036, ,RRP,$9.99 | ,More,PPP,12.5c,Packaging,Box,Instructions,Yes,Additional images,4,Designer,Bas Brederode, ,Launch/exit,1 Jan 2013 - 31 Dec 2013 (11m 29d),Value new,~$14.82,Value used,~$5.10"
Emma's Sports Car,41013-1,Friends,Traffic,2013,159,1,5003097-1,~$5.75,"Pieces,159,Minifigs,1, ,Minifigs,frnd052, ,RRP,$14.99 | ,More,PPP,9.4c,Packaging,Box,Instructions,Yes,Additional images,5,Launch/exit,1 Jun 2013 - 31 Dec 2014 (1y 6m 30d),Value new,~$17.23,Value used,~$5.75,Related sets,Included in ,5003097-1, ,66455-1, "
Dolphin Cruiser,41015-1,Friends,Summer,2013,612,3,Random set of the day,~$31.55,"Pieces,612,Minifigs,3, (3 unique to this set),Minifigs,frnd045, ,frnd046, ,frnd047, ,RRP,$69.99, €69.99 | ,More,PPP,11.4c, 11.4c,Packaging,Box,Instructions,Yes,Additional images,5,Launch/exit,1 Jun 2013 - 31 Dec 2015 (2y 6m 29d),Value new,~$134.54,Value used,~$31.55,Notes,Random set of the day, on 31 Mar 2023"
LEGO Friends Advent Calendar,41016-1,Friends,Seasonal,2013,213,2,~$10.00,~$22.03,"Pieces,213,Minifigs,2, (2 unique to this set),Minifigs,frnd053, ,frnd054, ,RRP,$29.99 | ,More,PPP,14.1c,Packaging,Box,Instructions,Yes,Additional images,7,Designer,Bas Brederode, ,Launch/exit,1 Sep 2013 - 31 Dec 2013 (3m 29d),Value new,~$22.03,Value used,~$10.00"
Squirrel's Tree House,41017-1,Friends,Animals Series 1,2013,41,,66497-1,~$3.63,"Pieces,41,RRP,$4.99 | ,More,PPP,12.2c,Packaging,Foil pack,Instructions,Yes,Additional images,4,Launch/exit,1 Jan 2013 - 30 Apr 2013 (3m 27d),Value new,~$7.65,Value used,~$3.63,Related sets,Included in ,66497-1, "
Cat's Playground,41018-1,Friends,Animals Series 1,2013,31,,66497-1,~$3.97,"Pieces,31,RRP,$4.99 | ,More,PPP,16.1c,Packaging,Foil pack,Instructions,Yes,Additional images,4,Launch/exit,1 Jan 2013 - 30 Apr 2013 (3m 27d),Value new,~$9.61,Value used,~$3.97,Related sets,Included in ,66497-1, "
Turtle's Little Oasis,41019-1,Friends,Animals Series 1,2013,33,,Random set of the day,~$3.75,"Pieces,33,RRP,$4.99 | ,More,PPP,15.1c,Packaging,Foil pack,Instructions,Yes,Additional images,4,Launch/exit,1 Jan 2013 - 30 Apr 2013 (3m 27d),Value new,~$8.33,Value used,~$3.75,Notes,Random set of the day, on 20 Jul 2023,Related sets,Included in ,66497-1, "
Hedgehog's Hideaway,41020-1,Friends,Animals Series 2,2013,34,,66497-1,~$3.34,"Pieces,34,RRP,$4.99 | ,More,PPP,14.7c,Packaging,Foil pack,Instructions,Yes,Additional images,3,Launch/exit,1 May 2013 - 31 Aug 2013 (4m),Value new,~$5.88,Value used,~$3.34,Related sets,Included in ,66497-1, "
Poodle's Little Palace,41021-1,Friends,Animals Series 2,2013,46,,66497-1,~$2.95,"Pieces,46,RRP,$4.99 | ,More,PPP,10.8c,Packaging,Foil pack,Instructions,Yes,Additional images,4,Launch/exit,1 May 2013 - 31 Aug 2013 (4m),Value new,~$3.13,Value used,~$2.95,Related sets,Included in ,66497-1, "
Ambush Attack,5882-1,Dino,2012,5882-1,80,1,,,"Pieces,80,Minifigs,1, ,Minifigs,dino001, ,RRP,$11.99 | ,More,PPP,15.0c,Packaging,Box,Instructions,Yes,Additional images,4,Value new,~$39.50,Value used,~$8.47"
Tower Takedown,5883-1,Dino,2012,5883-1,136,1,,,"Pieces,136,Minifigs,1, ,Minifigs,dino002, ,RRP,$19.99 | ,More,PPP,14.7c,Packaging,Box,Instructions,Yes,Additional images,5,Value new,~$49.70,Value used,~$13.53"
Raptor Chase,5884-1,Dino,2012,5884-1,259,2,,,"Pieces,259,Minifigs,2, (1 unique to this set),Minifigs,dino001, ,dino005, ,RRP,$29.99 | ,More,PPP,11.6c,Packaging,Box,Instructions,Yes,Additional images,5,Value new,~$58.32,Value used,~$24.34"
Triceratops Trapper,5885-1,Dino,2012,5885-1,271,2,,~$40.89,"Pieces,271,Minifigs,2, (1 unique to this set),Minifigs,dino001, ,dino004, ,RRP,$49.99 | ,More,PPP,18.4c,Packaging,Box,Instructions,Yes,Additional images,5,Designers,Mark Stafford, ,Raphael Pretesacque, ,Value new,~$102.19,Value used,~$40.89"
T-Rex Hunter,5886-1,Dino,2012,5886-1,480,2,,~$75.83,"Pieces,480,Minifigs,2, (1 unique to this set),Minifigs,dino002, ,dino003, ,RRP,$69.99 | ,More,PPP,14.6c,Packaging,Box,Instructions,Yes,Additional images,7,Designer,Raphael Pretesacque, ,Value new,~$117.61,Value used,~$75.83"
Dino Defense HQ,5887-1,Dino,2012,5887-1,793,4,,,"Pieces,793,Minifigs,4, (2 unique to this set),Minifigs,dino001, ,dino002, ,dino006, ,dino007, ,RRP,$99.99 | ,More,PPP,12.6c,Packaging,Box,Instructions,Yes,Additional images,4,Value new,~$302.37,Value used,~$129.73"
Ocean Interceptor,5888-1,Dino,2012,5888-1,222,2,,~$54.83,"Pieces,222,Minifigs,2, (1 unique to this set),Minifigs,dino002, ,dino008, ,RRP,$34.99 | ,More,PPP,15.8c,Packaging,Box,Instructions,Yes,Additional images,5,Launch/exit,1 Jan 2012 - 31 Dec 2012 (11m 30d),Value new,~$91.11,Value used,~$54.83,Notes,In the US, this set was exclusive to Toys R Us."
Red,6132-1,Duplo,Cars,2012,13,1,,,"Pieces,13,Minifigs,1, (1 unique to this set),Minifigs,crs027, ,RRP,$14.99 | ,More,PPP,115.3c,Packaging,Box,Additional images,5,Value new,~$60.00,Value used,~$17.00"
Race Day,6133-1,Duplo,Cars,2012,26,2,,,"Pieces,26,Minifigs,2, (1 unique to this set),Minifigs,crs051, ,crs063, ,RRP,$24.99 | ,More,PPP,96.1c,Packaging,Box,Additional images,4,Value new,~$46.60,Value used,~$13.14"
Siddeley Saves The Day,6134-1,Duplo,Cars,2012,34,3,,~$24.07,"Pieces,34,Minifigs,3, (2 unique to this set),Minifigs,crs026, ,crs028, ,crs062, ,RRP,$34.99 | ,More,PPP,102.9c,Packaging,Box,Instructions,Yes,Additional images,6,Launch/exit,1 Jun 2012 - 31 Dec 2012 (6m 30d),Value new,~$57.59,Value used,~$24.07"
My First Farm,6141-1,Duplo,Farm,2012,62,1,,~$24.78,"Pieces,62,Minifigs,1, ,Minifigs,47394pb011a, ,RRP,$24.99 | ,More,PPP,40.3c,Packaging,Box,Instructions,Yes,Additional images,6,Launch/exit,1 Jan 2012 - 31 Dec 2013 (1y 11m 29d),Value new,~$60.00,Value used,~$24.78"
Racing Team,6143-1,Duplo,2012,6143-1,34,2,,,"Pieces,34,Minifigs,2, (2 unique to this set),Minifigs,47394pb160, ,47394pb161, ,Packaging,Box,Additional images,7,Value new,~$40.39,Value used,~$32.88"
Sleeping Beauty's Room,6151-1,Duplo,Disney Princess,2012,16,1,,,"Pieces,16,Minifigs,1, (1 unique to this set),Minifigs,47394pb147, ,RRP,$12.99 | ,More,PPP,81.2c,Packaging,Box,Additional images,5,Value new,~$32.91,Value used,~$16.42"
Snow White's Cottage,6152-1,Duplo,Disney Princess,2012,28,1,,,"Pieces,28,Minifigs,1, ,Minifigs,47394pb148, ,RRP,$14.99 | ,More,PPP,53.5c,Packaging,Box,Additional images,5,Value new,~$50.00,Value used,~$14.61"
Cinderella's Carriage,6153-1,Duplo,Disney Princess,2012,20,1,,,"Pieces,20,Minifigs,1, ,Minifigs,47394pb149, ,RRP,$24.99 | ,More,PPP,125.0c,Packaging,Box,Additional images,6,Value new,~$79.95,Value used,~$24.00"
Cinderella's Castle,6154-1,Duplo,Disney Princess,2012,77,2,,~$12.70,"Pieces,77,Minifigs,2, (1 unique to this set),Minifigs,47394pb149, ,47394pb150, ,RRP,$39.99 | ,More,PPP,51.9c,Packaging,Box,Instructions,Yes,Additional images,6,Launch/exit,1 Mar 2012 - 31 Dec 2014 (2y 10m),Value new,~$125.00,Value used,~$12.70"
Bunny's Hutch,41022-1,Friends,Animals Series 2,2013,37,,66497-1,~$4.80,"Pieces,37,RRP,$4.99 | ,More,PPP,13.5c,Packaging,Foil pack,Instructions,Yes,Additional images,4,Launch/exit,1 May 2013 - 31 Aug 2013 (4m),Value new,~$6.53,Value used,~$4.80,Related sets,Included in ,66497-1, "
Photo Safari,6156-1,Duplo,Zoo,2012,67,3,,~$59.85,"Pieces,67,Minifigs,3, (1 unique to this set),Minifigs,47394pb114, ,47394pb121, ,47394pb146, ,RRP,$59.99 | ,More,PPP,89.5c,Packaging,Box,Instructions,Yes,Additional images,7,Launch/exit,1 Jan 2012 - 31 Dec 2014 (2y 11m 29d),Value new,~$99.19,Value used,~$59.85"
Fawn's Forest,41023-1,Friends,Animals Series 3,2013,35,,Random set of the day,~$2.26,"Pieces,35,RRP,$4.99 | ,More,PPP,14.3c,Packaging,Foil pack,Instructions,Yes,Additional images,6,Launch/exit,1 Sep 2013 - 31 Dec 2013 (3m 29d),Value new,~$5.46,Value used,~$2.26,Notes,Random set of the day, on 15 Dec 2023,Related sets,Included in ,66497-1, "
Parrot's Perch,41024-1,Friends,Animals Series 3,2013,32,,66497-1,~$3.59,"Pieces,32,RRP,$4.99 | ,More,PPP,15.6c,Packaging,Foil pack,Instructions,Yes,Additional images,3,Launch/exit,1 Sep 2013 - 31 Dec 2013 (3m 29d),Value new,~$4.93,Value used,~$3.59,Related sets,Included in ,66497-1, "
The Big Zoo,6157-1,Duplo,Zoo,2012,147,4,,~$118.74,"Pieces,147,Minifigs,4, ,Minifigs,47205pb024, ,47394pb123, ,47394pb144, ,47394pb145, ,RRP,$89.99 | ,More,PPP,61.2c,Packaging,Box,Instructions,Yes,Additional images,7,Launch/exit,1 Jan 2012 - 31 Dec 2013 (1y 11m 29d),Value new,~$133.74,Value used,~$118.74"
Puppy's Playhouse,41025-1,Friends,Animals Series 3,2013,39,,66497-1,~$4.22,"Pieces,39,RRP,$4.99 | ,More,PPP,12.8c,Packaging,Foil pack,Instructions,Yes,Additional images,3,Launch/exit,1 Sep 2013 - 31 Dec 2013 (3m 29d),Value new,~$6.00,Value used,~$4.22,Related sets,Included in ,66497-1, "
4x4 Crawler Exclusive Edition ,41999-1,Technic,2013,41999-1,1585,,,~$320.00,"Pieces,1585,RRP,$199.99 ,PPP,12.6c,Packaging,Box,Instructions,Yes,Additional images,6,Launch/exit,1 Aug 2013 - 31 Dec 2013 (4m 30d),Value new,~$506.69,Value used,~$320.00,Notes,Limited to 20,000 sets.,Related sets,Similar to ,9398-1, "
Animal Clinic,6158-1,Duplo,Zoo,2012,62,2,,~$43.48,"Pieces,62,Minifigs,2, ,Minifigs,47394pb143, ,47394pb144, ,RRP,$39.99 | ,More,PPP,64.5c,Packaging,Box,Instructions,Yes,Additional images,7,Launch/exit,1 Jan 2012 - 31 Dec 2013 (1y 11m 29d),Value new,~$47.64,Value used,~$43.48"
Grand Prix Racer,42000-1,Technic,2013,42000-1,1141,,,~$118.06,"Pieces,1141,RRP,$129.99 | ,More,PPP,11.4c,Packaging,Box,Instructions,Yes,Additional images,5,Launch/exit,1 Mar 2013 - 31 Dec 2014 (1y 10m),Value new,~$212.44,Value used,~$118.06"
Fire Station,6168-1,Duplo,Fire,2012,63,2,,~$49.03,"Pieces,63,Minifigs,2, ,Minifigs,47394pb076, ,47394pb122, ,Packaging,Box,Instructions,Yes,Additional images,7,Launch/exit,1 Jan 2012 - 31 Dec 2014 (2y 11m 29d),Value new,~$150.06,Value used,~$49.03"
Mini Off-Roader,42001-1,Technic,2013,42001-1,100,,,~$4.86,"Pieces,100,RRP,$12.99 | ,More,PPP,13.0c,Packaging,Box,Instructions,Yes,Additional images,4,Launch/exit,1 Aug 2013 - 31 Dec 2014 (1y 4m 30d),Value new,~$20.00,Value used,~$4.86"
Fire Chief,6169-1,Duplo,Fire,2012,6,1,,,"Pieces,6,Minifigs,1, ,Minifigs,47394pb061, ,RRP,$9.99 | ,More,PPP,166.5c,Packaging,Box,Additional images,4,Value new,~$6.40,Value used,~$10.17"
Gas Station,6171-1,Duplo,2012,6171-1,45,2,,~$42.12,"Pieces,45,Minifigs,2, ,Minifigs,47394pb078, ,47394pb114, ,RRP,$29.99 | ,More,PPP,66.6c,Packaging,Box,Instructions,Yes,Additional images,7,Launch/exit,1 Jun 2012 - 31 Dec 2013 (1y 6m 30d),Value new,~$49.99,Value used,~$42.12"
Hovercraft,42002-1,Technic,2013,42002-1,170,,,,"Pieces,170,RRP,$19.99 | ,More,PPP,11.8c,Packaging,Box,Instructions,Yes,Additional images,5,Value new,~$40.93,Value used,~$9.73"
Mini Backhoe Loader,42004-1,Technic,2013,42004-1,246,,,,"Pieces,246,RRP,$24.99 | ,More,PPP,10.2c,Packaging,Box,Instructions,Yes,Additional images,5,Value new,~$36.96,Value used,~$21.91"
Zoo Truck,6172-1,Duplo,Zoo,2012,8,1,,66430-1,"Pieces,8,Minifigs,1, ,Minifigs,47394pb145, ,RRP,$19.99 | ,More,PPP,249.9c,Packaging,Box,Additional images,6,Value new,~$29.99,Value used,~$19.37,Related sets,Included in ,66430-1, "
EVO,6200-2,HERO Factory,Breakout,2012,36,,66445-1,~$10.61,"Pieces,36,RRP,$8.99 | ,More,PPP,25.0c,Packaging,Foil pack,Instructions,Yes,Additional images,3,Launch/exit,1 Jan 2012 - 31 Dec 2012 (11m 30d),Value new,~$27.30,Value used,~$10.61,Related sets,Included in ,66445-1, "
Monster Truck,42005-1,Technic,2013,42005-1,329,,,~$28.91,"Pieces,329,RRP,$49.99 | ,More,PPP,15.2c,Packaging,Box,Instructions,Yes,Additional images,5,Launch/exit,1 Aug 2013 - 31 Dec 2014 (1y 4m 30d),Value new,~$84.18,Value used,~$28.91"
TOXIC REAPA,6201-1,HERO Factory,Breakout,2012,42,,66445-1,~$12.90,"Pieces,42,RRP,$8.99 | ,More,PPP,21.4c,Packaging,Foil pack,Instructions,Yes,Additional images,3,Launch/exit,1 Jan 2012 - 31 Dec 2012 (11m 30d),Value new,~$29.99,Value used,~$12.90,Related sets,Included in ,66445-1, "
Excavator,42006-1,Technic,2013,42006-1,720,,~$58.99,~$166.44,"Pieces,720,RRP,$79.99 | ,More,PPP,11.1c,Packaging,Box,Instructions,Yes,Additional images,5,Designer,Milan Reindl, ,Launch/exit,1 Jan 2013 - 31 Dec 2014 (1y 11m 28d),Value new,~$166.44,Value used,~$58.99"
Moto Cross Bike,42007-1,Technic,2013,42007-1,253,,,~$39.15,"Pieces,253,RRP,$39.99 | ,More,PPP,15.8c,Packaging,Box,Instructions,Yes,Additional images,4,Launch/exit,1 Jan 2013 - 31 Dec 2014 (1y 11m 28d),Value new,~$152.07,Value used,~$39.15"
Service Truck,42008-1,Technic,2013,42008-1,1276,,,~$98.10,"Pieces,1276,RRP,$129.99, €109.99 | ,More,PPP,10.2c, 8.6c,Packaging,Box,Instructions,Yes,Additional images,5,Launch/exit,1 Aug 2013 - 31 Dec 2015 (2y 4m 29d),Value new,~$270.45,Value used,~$98.10"
Mobile Crane MK II,42009-1,Technic,2013,42009-1,2606,,,~$193.85,"Pieces,2606,RRP,$219.99, €199.99 | ,More,PPP,8.4c, 7.7c,Packaging,Box,Instructions,Yes,Additional images,6,Launch/exit,1 Aug 2013 - 31 Dec 2015 (2y 4m 29d),Value new,~$381.33,Value used,~$193.85"
Off-road Racer,42010-1,Technic,2013,42010-1,160,,,,"Pieces,160,RRP,$19.99 | ,More,PPP,12.5c,Packaging,Box,Instructions,Yes,Additional images,5,Value new,~$46.25,Value used,~$9.73"
Race Car,42011-1,Technic,2013,42011-1,158,,,,"Pieces,158,RRP,$19.99 | ,More,PPP,12.7c,Packaging,Box,Instructions,Yes,Additional images,3,Value new,~$32.62,Value used,~$10.90"
FURNO XL,44000-1,HERO Factory,Brain Attack,2013,103,,66471-1,~$24.50,"Pieces,103,RRP,$19.99 | ,More,PPP,19.4c,Packaging,Foil pack,Instructions,Yes,Additional images,2,Launch/exit,1 Jan 2013 - 31 Jul 2014 (1y 6m 28d),Value new,~$105.13,Value used,~$24.50,Related sets,Included in ,66471-1, "
PYROX,44001-1,HERO Factory,Brain Attack,2013,50,,66471-1,~$12.90,"Pieces,50,RRP,$12.99 | ,More,PPP,26.0c,Packaging,Foil pack,Instructions,Yes,Additional images,2,Launch/exit,1 Jan 2013 - 31 Dec 2013 (11m 29d),Value new,~$28.73,Value used,~$12.90,Related sets,Included in ,66471-1, ,66483-1, ,66484-1, ,66485-1, "
ROCKA,44002-1,HERO Factory,Brain Attack,2013,43,,,~$10.71,"Pieces,43,RRP,$9.99 | ,More,PPP,23.2c,Packaging,Foil pack,Instructions,Yes,Additional images,2,Launch/exit,1 Jan 2013 - 31 Dec 2013 (11m 29d),Value new,~$24.95,Value used,~$10.71"
SCAROX,44003-1,HERO Factory,Brain Attack,2013,46,,66485-1,~$8.70,"Pieces,46,RRP,$9.99 | ,More,PPP,21.7c,Packaging,Foil pack,Instructions,Yes,Additional images,2,Launch/exit,1 Jan 2013 - 31 Dec 2013 (11m 29d),Value new,~$28.60,Value used,~$8.70,Related sets,Included in ,66485-1, "
BULK,44004-1,HERO Factory,Brain Attack,2013,50,,Random set of the day,~$13.47,"Pieces,50,RRP,$9.99 | ,More,PPP,20.0c,Packaging,Foil pack,Instructions,Yes,Additional images,2,Launch/exit,1 Jan 2013 - 31 Dec 2013 (11m 29d),Value new,~$28.00,Value used,~$13.47,Notes,Random set of the day, on 05 Apr 2023"
BRUIZER,44005-1,HERO Factory,Brain Attack,2013,62,,,~$9.94,"Pieces,62,RRP,$12.99 | ,More,PPP,21.0c,Packaging,Foil pack,Instructions,Yes,Additional images,2,Launch/exit,1 Jan 2013 - 31 Dec 2013 (11m 29d),Value new,~$26.40,Value used,~$9.94"
BREEZ,44006-1,HERO Factory,Brain Attack,2013,49,,66483-1,~$14.23,"Pieces,49,RRP,$9.99 | ,More,PPP,20.4c,Packaging,Foil pack,Instructions,Yes,Additional images,2,Launch/exit,1 Jan 2013 - 31 Dec 2013 (11m 29d),Value new,~$49.98,Value used,~$14.23,Related sets,Included in ,66483-1, ,66484-1, "
OGRUM,44007-1,HERO Factory,Brain Attack,2013,59,,66483-1,~$10.20,"Pieces,59,RRP,$12.99 | ,More,PPP,22.0c,Packaging,Foil pack,Instructions,Yes,Additional images,2,Launch/exit,1 Jan 2013 - 31 Dec 2013 (11m 29d),Value new,~$26.14,Value used,~$10.20,Related sets,Included in ,66483-1, ,66484-1, ,66485-1, "
SURGE,44008-1,HERO Factory,Brain Attack,2013,66,,66482-1,~$16.55,"Pieces,66,RRP,$12.99 | ,More,PPP,19.7c,Packaging,Foil pack,Instructions,Yes,Additional images,2,Launch/exit,1 Aug 2013 - 31 Dec 2013 (4m 30d),Value new,~$26.96,Value used,~$16.55,Related sets,Included in ,66482-1, "
ROCKA,6202-1,HERO Factory,Breakout,2012,55,,,~$13.82,"Pieces,55,RRP,$12.99 | ,More,PPP,23.6c,Packaging,Foil pack,Instructions,Yes,Additional images,3,Launch/exit,1 Jan 2012 - 31 Dec 2012 (11m 30d),Value new,~$36.99,Value used,~$13.82"
BLACK PHANTOM,6203-1,HERO Factory,Breakout,2012,124,,,~$33.29,"Pieces,124,RRP,$19.99 | ,More,PPP,16.1c,Packaging,Box,Instructions,Yes,Additional images,4,Launch/exit,1 Jan 2012 - 31 Dec 2012 (11m 30d),Value new,~$97.99,Value used,~$33.29"
JAWBLADE,6216-1,HERO Factory,Breakout,2012,45,,Random set of the day,~$10.07,"Pieces,45,RRP,$8.99 | ,More,PPP,20.0c,Packaging,Foil pack,Instructions,Yes,Additional images,3,Launch/exit,1 Jan 2012 - 31 Dec 2012 (11m 30d),Value new,~$38.49,Value used,~$10.07,Notes,Random set of the day, on 18 Apr 2023,Related sets,Included in ,66437-1, "
SURGE,6217-1,HERO Factory,Breakout,2012,39,,,~$8.64,"Pieces,39,RRP,$8.99 | ,More,PPP,23.1c,Packaging,Foil pack,Instructions,Yes,Additional images,3,Launch/exit,1 Jan 2012 - 31 Dec 2012 (11m 30d),Value new,~$29.99,Value used,~$8.64"
SPLITFACE,6218-1,HERO Factory,Breakout,2012,50,,Random set of the day,~$14.36,"Pieces,50,RRP,$12.99 | ,More,PPP,26.0c,Packaging,Foil pack,Instructions,Yes,Additional images,3,Launch/exit,1 Jan 2012 - 31 Dec 2012 (11m 30d),Value new,~$26.99,Value used,~$14.36,Notes,Random set of the day, on 21 Mar 2023"
NEX,6221-1,HERO Factory,Breakout,2012,39,,66446-1,~$11.34,"Pieces,39,RRP,$8.99 | ,More,PPP,23.1c,Packaging,Foil pack,Instructions,Yes,Additional images,2,Launch/exit,1 Aug 2012 - 31 Jul 2013 (11m 29d),Value new,~$22.06,Value used,~$11.34,Related sets,Included in ,66446-1, "
CORE HUNTER,6222-1,HERO Factory,Breakout,2012,51,,,~$25.83,"Pieces,51,RRP,$12.99 | ,More,PPP,25.5c,Packaging,Foil pack,Instructions,Yes,Additional images,2,Launch/exit,1 Aug 2012 - 31 Dec 2012 (4m 30d),Value new,~$55.55,Value used,~$25.83"
BULK,6223-1,HERO Factory,Breakout,2012,61,,,~$13.45,"Pieces,61,RRP,$12.99 | ,More,PPP,21.3c,Packaging,Foil pack,Instructions,Yes,Additional images,2,Launch/exit,1 Aug 2012 - 31 Jul 2013 (11m 29d),Value new,~$27.37,Value used,~$13.45"
BREEZ,6227-1,HERO Factory,Breakout,2012,55,,,~$13.13,"Pieces,55,RRP,$12.99 | ,More,PPP,23.6c,Packaging,Foil pack,Instructions,Yes,Additional images,3,Launch/exit,1 Jan 2012 - 31 Dec 2012 (11m 30d),Value new,~$23.40,Value used,~$13.13"
THORNRAXX,6228-1,HERO Factory,Breakout,2012,44,,Random set of the day,~$8.72,"Pieces,44,RRP,$12.99 | ,More,PPP,29.5c,Packaging,Foil pack,Instructions,Yes,Additional images,3,Launch/exit,1 Jan 2012 - 31 Dec 2012 (11m 30d),Value new,~$38.17,Value used,~$8.72,Notes,Random set of the day, on 01 Jan 2022"
XT4,6229-1,HERO Factory,Breakout,2012,39,,Random set of the day,~$14.76,"Pieces,39,RRP,$8.99 | ,More,PPP,23.1c,Packaging,Foil pack,Instructions,Yes,Additional images,2,Launch/exit,1 Aug 2012 - 31 Dec 2012 (4m 30d),Value new,~$20.93,Value used,~$14.76,Notes,Random set of the day, on 21 Sep 2023"
STORMER XL,6230-1,HERO Factory,Breakout,2012,89,,,~$27.59,"Pieces,89,RRP,$34.99 | ,More,PPP,39.3c,Packaging,Box,Instructions,Yes,Additional images,2,Launch/exit,1 Aug 2012 - 31 Jul 2013 (11m 29d),Value new,~$100.89,Value used,~$27.59"
SPEEDA DEMON,6231-1,HERO Factory,Breakout,2012,192,,,~$39.00,"Pieces,192,RRP,$34.99 | ,More,PPP,18.2c,Packaging,Box,Instructions,Yes,Additional images,2,Launch/exit,1 Aug 2012 - 31 Jul 2013 (11m 29d),Value new,~$64.84,Value used,~$39.00"
STRINGER,6282-1,HERO Factory,Breakout,2012,42,,66452-1,~$11.30,"Pieces,42,RRP,$8.99 | ,More,PPP,21.4c,Packaging,Foil pack,Instructions,Yes,Additional images,2,Launch/exit,1 Aug 2012 - 31 Jul 2013 (11m 29d),Value new,~$20.41,Value used,~$11.30,Related sets,Included in ,66452-1, "
VOLTIX,6283-1,HERO Factory,Breakout,2012,61,,66452-1,~$12.80,"Pieces,61,RRP,$12.99 | ,More,PPP,21.3c,Packaging,Foil pack,Instructions,Yes,Additional images,2,Launch/exit,1 Aug 2012 - 31 Jul 2013 (11m 29d),Value new,~$12.68,Value used,~$12.80,Related sets,Included in ,66452-1, "
FURNO,6293-1,HERO Factory,Breakout,2012,56,,66437-1,~$11.29,"Pieces,56,RRP,$12.99 | ,More,PPP,23.2c,Packaging,Foil pack,Instructions,Yes,Additional images,3,Launch/exit,1 Jan 2012 - 31 Dec 2012 (11m 30d),Value new,~$58.21,Value used,~$11.29,Related sets,Included in ,66437-1, "
Grow Caterpillar Grow!,6758-1,Duplo,2012,6758-1,17,,,~$8.87,"Pieces,17,RRP,$12.99 | ,More,PPP,76.4c,Packaging,Blister pack,Additional images,5,Designer,Andy Seenan, ,Value new,~$14.99,Value used,~$8.87"
Busy Farm,6759-1,Duplo,2012,6759-1,15,,,~$5.13,"Pieces,15,RRP,$12.99, €14.99 | ,More,PPP,86.6c, 99.9c,Packaging,Blister pack,Additional images,4,Designer,Andy Seenan, ,Value new,~$4.51,Value used,~$5.13"
Let's Go! Vroom!,6760-1,Duplo,2012,6760-1,12,,,~$11.95,"Pieces,12,RRP,$12.99 | ,More,PPP,108.3c,Packaging,Blister pack,Additional images,7,Designer,Andy Seenan, ,Value new,~$35.92,Value used,~$11.95"
Creative Sorter,6784-1,Duplo,2012,6784-1,23,,,~$10.71,"Pieces,23,RRP,$19.99 | ,More,PPP,86.9c,Packaging,Tub,Additional images,5,Designer,Junya Suzuki, ,Value new,~$27.50,Value used,~$10.71"
Creative Cakes,6785-1,Duplo,2012,6785-1,55,,,~$31.94,"Pieces,55,RRP,$24.99 | ,More,PPP,45.4c,Packaging,Other,Instructions,Yes,Additional images,5,Launch/exit,1 Jan 2012 - 31 Dec 2014 (2y 11m 29d),Value new,~$33.18,Value used,~$31.94"
The Dynamic Duo Funhouse Escape,6857-1,DC Comics Super Heroes,Batman,2012,380,5,,~$53.71,"Pieces,380,Minifigs,5, (1 unique to this set),Minifigs,sh005, ,sh008, ,sh011, ,sh024, ,sh025, ,RRP,$39.99 | ,More,PPP,10.5c,Packaging,Box,Instructions,Yes,Additional images,6,Launch/exit,1 Jan 2012 - 31 Dec 2013 (1y 11m 29d),Value new,~$66.06,Value used,~$53.71,Notes,In the US, this set is exclusive to Toys R Us."
Catwoman Catcycle City Chase,6858-1,DC Comics Super Heroes,Batman,2012,89,2,Random set of the day,~$10.04,"Pieces,89,Minifigs,2, (2 unique to this set),Minifigs,sh006, ,sh019, ,RRP,$12.99 | ,More,PPP,14.6c,Packaging,Box,Instructions,Yes,Additional images,4,Launch/exit,1 Jan 2012 - 31 Jul 2013 (1y 6m 29d),Value new,~$18.87,Value used,~$10.04,Notes,Random set of the day, on 14 Apr 2022"
The Batcave,6860-1,DC Comics Super Heroes,Batman,2012,690,5,~$62.50,~$91.02,"Pieces,690,Minifigs,5, (2 unique to this set),Minifigs,sh009, ,sh010, ,sh011, ,sh025, ,sh026, ,RRP,$69.99 | ,More,PPP,10.1c,Packaging,Box,Instructions,Yes,Additional images,4,Designer,Bjarke Lykke Madsen, ,Launch/exit,1 Jan 2012 - 31 Dec 2013 (1y 11m 29d),Value new,~$91.02,Value used,~$62.50,Notes,Later versions came with minifig SH025A instead of SH025."
Superman vs. Power Armor Lex,6862-2,DC Comics Super Heroes,Superman,2012,207,3,,~$15.76,"Pieces,207,Minifigs,3, (1 unique to this set),Minifigs,sh003, ,sh004, ,sh012, ,RRP,$19.99 | ,More,PPP,9.7c,Packaging,Box,Instructions,Yes,Additional images,7,Launch/exit,1 Jan 2012 - 31 Dec 2013 (1y 11m 29d),Value new,~$30.28,Value used,~$15.76"
